uuid,emails
30b3efdf-6024-804d-ea55-c4d1a8dfc86c,JC@gs.com
30b3efdf-6024-804d-ea55-c4d1a8dfc86c,prospectus-ny@ny.email.gs.com
30b3efdf-6024-804d-ea55-c4d1a8dfc86c,gs-investor-relations@gs.com
30b3efdf-6024-804d-ea55-c4d1a8dfc86c,u003eprospectus-ny@ny.email.gs.com
30b3efdf-6024-804d-ea55-c4d1a8dfc86c,gs-ukpress@gs.com
30b3efdf-6024-804d-ea55-c4d1a8dfc86c,gsfrankfurtcomms@gs.com
30b3efdf-6024-804d-ea55-c4d1a8dfc86c,GS-DSR-CCPA@gs.com
30b3efdf-6024-804d-ea55-c4d1a8dfc86c,u003egs-investor-relations@gs.com
30bcdd65-41ce-122b-8ef3-52a187ed4bf9,sustainability@3i.com
30bcdd65-41ce-122b-8ef3-52a187ed4bf9,IRTeam@3i.com
30bcdd65-41ce-122b-8ef3-52a187ed4bf9,recruitment@3i.com
5022e858-08de-d74f-8958-abc045e70b67,jason@magellanequities.com
ec26a756-d387-a455-c6fc-90fe11ece02c,support@convercent.com
e07f0f04-9145-db9a-5c2b-b4e0d93b2592,peter@gecommercialfinance.com
a490fe3e-9b86-8337-93f5-09c2f302e67e,info@heralduk.com
3cb21dfe-4290-17da-8165-fa8d9cedf072,inquiry@eoncapitak.com
3cb21dfe-4290-17da-8165-fa8d9cedf072,inquiry@eoncapital.com
581c3a95-25e3-6c0c-4b5e-6e303e8df605,recruiting@franciscopartners.com
581c3a95-25e3-6c0c-4b5e-6e303e8df605,info@franciscoparterns.com
581c3a95-25e3-6c0c-4b5e-6e303e8df605,ir@franciscopartners.com
581c3a95-25e3-6c0c-4b5e-6e303e8df605,legal@franciscopartners.com
581c3a95-25e3-6c0c-4b5e-6e303e8df605,info@franciscopartners.com
e649d0c7-3f41-e2c0-03b7-867ab82fb8d2,deutsche.bank@db.com
6d0363b8-edcf-07d2-dc50-cc15adda3ede,onlinehelp@troweprice.com
5ea5ea38-f86f-6d3d-8ca7-be49eac4adba,bcp@pwpartners.com
5ea5ea38-f86f-6d3d-8ca7-be49eac4adba,Compliance@pwpartners.com
1aa24a8c-c7f8-ed95-25f7-8872ea5be842,kbrinks@acvinc.com
1aa24a8c-c7f8-ed95-25f7-8872ea5be842,mbrinks@acvinc.com
d219332c-7322-247e-67b2-30a7831d4d47,filler@godaddy.com
eee223d0-8c2e-3195-820c-f9864460c548,NorwayOffice@ebrd.com
eee223d0-8c2e-3195-820c-f9864460c548,sydykop@ebrd.com
eee223d0-8c2e-3195-820c-f9864460c548,PolandOffice@ebrd.com
eee223d0-8c2e-3195-820c-f9864460c548,PortugalOffice@ebrd.com
eee223d0-8c2e-3195-820c-f9864460c548,LithuaniaOffice@ebrd.com
eee223d0-8c2e-3195-820c-f9864460c548,knowhowmoldova@ebrd.com
eee223d0-8c2e-3195-820c-f9864460c548,ArmeniaOffice@ebrd.com
eee223d0-8c2e-3195-820c-f9864460c548,CroatiaOffice@ebrd.com
eee223d0-8c2e-3195-820c-f9864460c548,delevicm@ebrd.com
eee223d0-8c2e-3195-820c-f9864460c548,BHOffice@ebrd.com
eee223d0-8c2e-3195-820c-f9864460c548,CommunityInitiative@ebrd.com
eee223d0-8c2e-3195-820c-f9864460c548,securedtransactions@ebrd.com
eee223d0-8c2e-3195-820c-f9864460c548,warrenm@ebrd.com
eee223d0-8c2e-3195-820c-f9864460c548,ChinaOffice@ebrd.com
eee223d0-8c2e-3195-820c-f9864460c548,media@ebrd.com
eee223d0-8c2e-3195-820c-f9864460c548,martikil@ebrd.com
eee223d0-8c2e-3195-820c-f9864460c548,ROChisinauMBX@ebrd.com
eee223d0-8c2e-3195-820c-f9864460c548,MongoliaOffice@ebrd.com
eee223d0-8c2e-3195-820c-f9864460c548,webmaster@ebrd.com
eee223d0-8c2e-3195-820c-f9864460c548,radziwia@ebrd.com
eee223d0-8c2e-3195-820c-f9864460c548,UkraineOffice@ebrd.com
eee223d0-8c2e-3195-820c-f9864460c548,rochai@ebrd.com
eee223d0-8c2e-3195-820c-f9864460c548,dpoffice@ebrd.com
eee223d0-8c2e-3195-820c-f9864460c548,knowhowalbania@ebrd.com
eee223d0-8c2e-3195-820c-f9864460c548,projectenquiries@ebrd.com
eee223d0-8c2e-3195-820c-f9864460c548,USAOffice@ebrd.com
eee223d0-8c2e-3195-820c-f9864460c548,hande.islak@ebrd.com
eee223d0-8c2e-3195-820c-f9864460c548,GreeceOffice@ebrd.com
eee223d0-8c2e-3195-820c-f9864460c548,SpainOffice@ebrd.com
eee223d0-8c2e-3195-820c-f9864460c548,ShakesS@ebrd.com
eee223d0-8c2e-3195-820c-f9864460c548,AustraliaOffice@ebrd.com
eee223d0-8c2e-3195-820c-f9864460c548,Moscow@ebrd.com
eee223d0-8c2e-3195-820c-f9864460c548,KosovoOffice@ebrd.com
eee223d0-8c2e-3195-820c-f9864460c548,knowhowbasbih@ebrd.com
eee223d0-8c2e-3195-820c-f9864460c548,ItalyOffice@ebrd.com
eee223d0-8c2e-3195-820c-f9864460c548,knowhowgreece@ebrd.com
eee223d0-8c2e-3195-820c-f9864460c548,saakyanm@ebrd.com
eee223d0-8c2e-3195-820c-f9864460c548,knowhowkyrgyzrepublic@ebrd.com
eee223d0-8c2e-3195-820c-f9864460c548,KoreaOffice@ebrd.com
eee223d0-8c2e-3195-820c-f9864460c548,bennettv@ebrd.com
eee223d0-8c2e-3195-820c-f9864460c548,ebrdbelarus@ebrd.com
eee223d0-8c2e-3195-820c-f9864460c548,FranceOffice@ebrd.com
eee223d0-8c2e-3195-820c-f9864460c548,adil.chikhi@ebrd.com
eee223d0-8c2e-3195-820c-f9864460c548,MoroccoOffice@ebrd.com
eee223d0-8c2e-3195-820c-f9864460c548,celaj@ebrd.com
eee223d0-8c2e-3195-820c-f9864460c548,ramazany@ebrd.com
eee223d0-8c2e-3195-820c-f9864460c548,ltt@ebrd.com
eee223d0-8c2e-3195-820c-f9864460c548,TunisiaOffice@ebrd.com
eee223d0-8c2e-3195-820c-f9864460c548,CSO@ebrd.com
eee223d0-8c2e-3195-820c-f9864460c548,pivovara@ebrd.com
eee223d0-8c2e-3195-820c-f9864460c548,florence.bachelard-bakal@ebrd.com
eee223d0-8c2e-3195-820c-f9864460c548,brownm@ebrd.com
eee223d0-8c2e-3195-820c-f9864460c548,knowhowkazakhstan@ebrd.com
eee223d0-8c2e-3195-820c-f9864460c548,DPOffice@ebrd.com
eee223d0-8c2e-3195-820c-f9864460c548,TalentAcquisition@ebrd.com
eee223d0-8c2e-3195-820c-f9864460c548,LatviaOffice@ebrd.com
eee223d0-8c2e-3195-820c-f9864460c548,knowhow@ebrd.com
eee223d0-8c2e-3195-820c-f9864460c548,pajicj@ebrd.com
eee223d0-8c2e-3195-820c-f9864460c548,CzechOffice@ebrd.com
eee223d0-8c2e-3195-820c-f9864460c548,lukaszey@ebrd.com
eee223d0-8c2e-3195-820c-f9864460c548,Steam@ebrd.com
eee223d0-8c2e-3195-820c-f9864460c548,knowhowegypt@ebrd.com
eee223d0-8c2e-3195-820c-f9864460c548,ozhanh@ebrd.com
eee223d0-8c2e-3195-820c-f9864460c548,MexicoOffice@ebrd.com
eee223d0-8c2e-3195-820c-f9864460c548,greenenquiries@ebrd.com
eee223d0-8c2e-3195-820c-f9864460c548,sig@ebrd.com
eee223d0-8c2e-3195-820c-f9864460c548,press@ebrd.com
eee223d0-8c2e-3195-820c-f9864460c548,knowhowmontenegro@ebrd.com
eee223d0-8c2e-3195-820c-f9864460c548,knowhowromania@ebrd.com
eee223d0-8c2e-3195-820c-f9864460c548,BulgariaOffice@ebrd.com
eee223d0-8c2e-3195-820c-f9864460c548,knowhowturkey@ebrd.com
eee223d0-8c2e-3195-820c-f9864460c548,SloveniaOffice@ebrd.com
eee223d0-8c2e-3195-820c-f9864460c548,AzerbaijanOffice@ebrd.com
eee223d0-8c2e-3195-820c-f9864460c548,IrelandOffice@ebrd.com
eee223d0-8c2e-3195-820c-f9864460c548,ZhelyazO@ebrd.com
eee223d0-8c2e-3195-820c-f9864460c548,IPP@ebrd.com
eee223d0-8c2e-3195-820c-f9864460c548,IndiaOffice@ebrd.com
eee223d0-8c2e-3195-820c-f9864460c548,vandevej@ebrd.com
eee223d0-8c2e-3195-820c-f9864460c548,rambousb@ebrd.com
eee223d0-8c2e-3195-820c-f9864460c548,ebrddonors@ebrd.com
eee223d0-8c2e-3195-820c-f9864460c548,patryk.borzecki@ebrd.com
eee223d0-8c2e-3195-820c-f9864460c548,nuclearsafety@ebrd.com
eee223d0-8c2e-3195-820c-f9864460c548,KyrgyzOffice@ebrd.com
eee223d0-8c2e-3195-820c-f9864460c548,knowhowmkd@ebrd.com
eee223d0-8c2e-3195-820c-f9864460c548,agribusiness@ebrd.com
eee223d0-8c2e-3195-820c-f9864460c548,UKOffice@ebrd.com
eee223d0-8c2e-3195-820c-f9864460c548,TFPOps@ebrd.com
eee223d0-8c2e-3195-820c-f9864460c548,JapanOffice@ebrd.com
eee223d0-8c2e-3195-820c-f9864460c548,kowalcza@ebrd.com
eee223d0-8c2e-3195-820c-f9864460c548,knowhowkosovo@ebrd.com
eee223d0-8c2e-3195-820c-f9864460c548,milton.stefani@ebrd.com
eee223d0-8c2e-3195-820c-f9864460c548,knowhowgeorgia@ebrd.com
eee223d0-8c2e-3195-820c-f9864460c548,EBRDAlmatyInfo@ebrd.com
eee223d0-8c2e-3195-820c-f9864460c548,UzbekistanOffice@ebrd.com
eee223d0-8c2e-3195-820c-f9864460c548,compliance@ebrd.com
eee223d0-8c2e-3195-820c-f9864460c548,vannedea@ebrd.com
eee223d0-8c2e-3195-820c-f9864460c548,dikhanbs@ebrd.com
eee223d0-8c2e-3195-820c-f9864460c548,NLOffice@ebrd.com
eee223d0-8c2e-3195-820c-f9864460c548,faizievb@ebrd.com
eee223d0-8c2e-3195-820c-f9864460c548,LiechtensteinOffice@ebrd.com
eee223d0-8c2e-3195-820c-f9864460c548,LuxembourgOffice@ebrd.com
eee223d0-8c2e-3195-820c-f9864460c548,TajikistanOffice@ebrd.com
eee223d0-8c2e-3195-820c-f9864460c548,sconoscl@ebrd.com
eee223d0-8c2e-3195-820c-f9864460c548,fundingdesk@ebrd.com
eee223d0-8c2e-3195-820c-f9864460c548,usova@ebrd.com
eee223d0-8c2e-3195-820c-f9864460c548,GovernorStatements@ebrd.com
eee223d0-8c2e-3195-820c-f9864460c548,TurkmenistanOffice@ebrd.com
eee223d0-8c2e-3195-820c-f9864460c548,knowhowbulgaria@ebrd.com
eee223d0-8c2e-3195-820c-f9864460c548,RomaniaOffice@ebrd.com
eee223d0-8c2e-3195-820c-f9864460c548,knowhowjordan@ebrd.com
eee223d0-8c2e-3195-820c-f9864460c548,LebanonOffice@ebrd.com
eee223d0-8c2e-3195-820c-f9864460c548,tyot@ebrd.com
eee223d0-8c2e-3195-820c-f9864460c548,elevicm@ebrd.com
eee223d0-8c2e-3195-820c-f9864460c548,sarid@ebrd.com
eee223d0-8c2e-3195-820c-f9864460c548,knowhowtajikistan@ebrd.com
eee223d0-8c2e-3195-820c-f9864460c548,pressenquiries@ebrd.com
eee223d0-8c2e-3195-820c-f9864460c548,knowhowmongolia@ebrd.com
eee223d0-8c2e-3195-820c-f9864460c548,EUOffice@ebrd.com
eee223d0-8c2e-3195-820c-f9864460c548,arslanio@ebrd.com
eee223d0-8c2e-3195-820c-f9864460c548,NewZealandOffice@ebrd.com
eee223d0-8c2e-3195-820c-f9864460c548,aristeio@ebrd.com
eee223d0-8c2e-3195-820c-f9864460c548,lyond@ebrd.com
eee223d0-8c2e-3195-820c-f9864460c548,communications@ebrd.com
eee223d0-8c2e-3195-820c-f9864460c548,SlovakOffice@ebrd.com
eee223d0-8c2e-3195-820c-f9864460c548,AustriaOffice@ebrd.com
eee223d0-8c2e-3195-820c-f9864460c548,knowhowturkmenistan@ebrd.com
eee223d0-8c2e-3195-820c-f9864460c548,knowhowukraine@ebrd.com
eee223d0-8c2e-3195-820c-f9864460c548,straussm@ebrd.com
eee223d0-8c2e-3195-820c-f9864460c548,TurkiyeOffice@ebrd.com
eee223d0-8c2e-3195-820c-f9864460c548,GermanyOffice@ebrd.com
eee223d0-8c2e-3195-820c-f9864460c548,nursea@ebrd.com
eee223d0-8c2e-3195-820c-f9864460c548,brusselsoffice@ebrd.com
eee223d0-8c2e-3195-820c-f9864460c548,JordanOffice@ebrd.com
eee223d0-8c2e-3195-820c-f9864460c548,kyiv@ebrd.com
eee223d0-8c2e-3195-820c-f9864460c548,FinlandOffice@ebrd.com
eee223d0-8c2e-3195-820c-f9864460c548,tangoo@ebrd.com
eee223d0-8c2e-3195-820c-f9864460c548,knowhowrussia@ebrd.com
eee223d0-8c2e-3195-820c-f9864460c548,CanadaOffice@ebrd.com
eee223d0-8c2e-3195-820c-f9864460c548,knowhowserbia@ebrd.com
eee223d0-8c2e-3195-820c-f9864460c548,lugae@ebrd.com
eee223d0-8c2e-3195-820c-f9864460c548,NorthMacedoniaOffice@ebrd.com
eee223d0-8c2e-3195-820c-f9864460c548,dataprotection@ebrd.com
eee223d0-8c2e-3195-820c-f9864460c548,environmentandsocial@ebrd.com
eee223d0-8c2e-3195-820c-f9864460c548,visitrequest@ebrd.com
eee223d0-8c2e-3195-820c-f9864460c548,porterri@ebrd.com
eee223d0-8c2e-3195-820c-f9864460c548,EIBOffice@ebrd.com
eee223d0-8c2e-3195-820c-f9864460c548,itfrontoffice@ebrd.com
eee223d0-8c2e-3195-820c-f9864460c548,yakustik@ebrd.com
eee223d0-8c2e-3195-820c-f9864460c548,MaltaOffice@ebrd.com
eee223d0-8c2e-3195-820c-f9864460c548,bitsadzr@ebrd.com
eee223d0-8c2e-3195-820c-f9864460c548,SanMarinoOffice@ebrd.com
eee223d0-8c2e-3195-820c-f9864460c548,SwedenOffice@ebrd.com
eee223d0-8c2e-3195-820c-f9864460c548,DigitalHub@ebrd.com
eee223d0-8c2e-3195-820c-f9864460c548,IcelandOffice@ebrd.com
eee223d0-8c2e-3195-820c-f9864460c548,knowhowarmenia@ebrd.com
eee223d0-8c2e-3195-820c-f9864460c548,savvag@ebrd.com
eee223d0-8c2e-3195-820c-f9864460c548,ClientNetSupport@ebrd.com
eee223d0-8c2e-3195-820c-f9864460c548,thomasm@ebrd.com
eee223d0-8c2e-3195-820c-f9864460c548,AlbaniaOffice@ebrd.com
eee223d0-8c2e-3195-820c-f9864460c548,EstoniaOffice@ebrd.com
eee223d0-8c2e-3195-820c-f9864460c548,BelgiumOffice@ebrd.com
eee223d0-8c2e-3195-820c-f9864460c548,knowhowcroatia@ebrd.com
eee223d0-8c2e-3195-820c-f9864460c548,RussianOffice@ebrd.com
eee223d0-8c2e-3195-820c-f9864460c548,zhosanuo@ebrd.com
eee223d0-8c2e-3195-820c-f9864460c548,v.hillman@roshentallaw.com
eee223d0-8c2e-3195-820c-f9864460c548,SwitzerlandOffice@ebrd.com
eee223d0-8c2e-3195-820c-f9864460c548,MoldovaOffice@ebrd.com
eee223d0-8c2e-3195-820c-f9864460c548,MontenegroOffice@ebrd.com
eee223d0-8c2e-3195-820c-f9864460c548,newbusiness@ebrd.com
eee223d0-8c2e-3195-820c-f9864460c548,economics@ebrd.com
eee223d0-8c2e-3195-820c-f9864460c548,knowhowazerbaijan@ebrd.com
eee223d0-8c2e-3195-820c-f9864460c548,policy@ebrd.com
eee223d0-8c2e-3195-820c-f9864460c548,gender@ebrd.com
eee223d0-8c2e-3195-820c-f9864460c548,funds@ebrd.com
eee223d0-8c2e-3195-820c-f9864460c548,image001.png@01D639C3.5FEECDA
eee223d0-8c2e-3195-820c-f9864460c548,IsraelOffice@ebrd.com
eee223d0-8c2e-3195-820c-f9864460c548,knowhowtunisia@ebrd.com
eee223d0-8c2e-3195-820c-f9864460c548,GeorgiaOffice@ebrd.com
eee223d0-8c2e-3195-820c-f9864460c548,LC2info@ebrd.com
eee223d0-8c2e-3195-820c-f9864460c548,WebberJ@ebrd.com
eee223d0-8c2e-3195-820c-f9864460c548,BelarusOffice@ebrd.com
eee223d0-8c2e-3195-820c-f9864460c548,staffc@ebrd.com
eee223d0-8c2e-3195-820c-f9864460c548,mirbaban@ebrd.com
eee223d0-8c2e-3195-820c-f9864460c548,ipam@ebrd.com
eee223d0-8c2e-3195-820c-f9864460c548,ozyerm@ebrd.com
eee223d0-8c2e-3195-820c-f9864460c548,EgyptOffice@ebrd.com
eee223d0-8c2e-3195-820c-f9864460c548,knowhowbelarus@ebrd.com
eee223d0-8c2e-3195-820c-f9864460c548,AlgeriaOffice@ebrd.com
eee223d0-8c2e-3195-820c-f9864460c548,GaleT@ebrd.com
eee223d0-8c2e-3195-820c-f9864460c548,zgheibn@ebrd.com
eee223d0-8c2e-3195-820c-f9864460c548,UAEOffice@ebrd.com
eee223d0-8c2e-3195-820c-f9864460c548,knowhowlebanon@ebrd.com
eee223d0-8c2e-3195-820c-f9864460c548,CyprusOffice@ebrd.com
eee223d0-8c2e-3195-820c-f9864460c548,quartlyv@ebrd.com
eee223d0-8c2e-3195-820c-f9864460c548,ebrdofficeofthesecretarygeneral@ebrd.com
eee223d0-8c2e-3195-820c-f9864460c548,psphteam@ebrd.com
eee223d0-8c2e-3195-820c-f9864460c548,knowhowuzbekistan@ebrd.com
eee223d0-8c2e-3195-820c-f9864460c548,SerbiaOffice@ebrd.com
eee223d0-8c2e-3195-820c-f9864460c548,knowhowmorocco@ebrd.com
eee223d0-8c2e-3195-820c-f9864460c548,almaz.toigonbaev@ebrd.com
eee223d0-8c2e-3195-820c-f9864460c548,KazakhstanOffice@ebrd.com
eee223d0-8c2e-3195-820c-f9864460c548,DenmarkOffice@ebrd.com
e66e2167-b9fc-08d4-d3bc-e222202583cb,webmaster@nsf.gov
e66e2167-b9fc-08d4-d3bc-e222202583cb,info@nsf.gov
e66e2167-b9fc-08d4-d3bc-e222202583cb,NSB-Webmaster@nsf.gov
e66e2167-b9fc-08d4-d3bc-e222202583cb,NationalScienceBrd@nsf.gov
e66e2167-b9fc-08d4-d3bc-e222202583cb,oigpublicaffairs@nsf.gov
1a89a0df-a150-658a-02a6-249d3911bf7f,CGWEurope@carlyle.com
1a89a0df-a150-658a-02a6-249d3911bf7f,webmanager@carlyle.com
1a89a0df-a150-658a-02a6-249d3911bf7f,media@carlyle.com
1a89a0df-a150-658a-02a6-249d3911bf7f,CGWAsia@carlyle.com
1a89a0df-a150-658a-02a6-249d3911bf7f,CarlyleAsia.FIELFilings@carlyle.com
1a89a0df-a150-658a-02a6-249d3911bf7f,recruiting@carlyle.com
1a89a0df-a150-658a-02a6-249d3911bf7f,Global.Wealth@carlyle.com
1a89a0df-a150-658a-02a6-249d3911bf7f,security@carlyle.com
1a89a0df-a150-658a-02a6-249d3911bf7f,global.research@carlyle.com
1a89a0df-a150-658a-02a6-249d3911bf7f,Global.Wealth@Carlyle.com
1a89a0df-a150-658a-02a6-249d3911bf7f,corporate.communications@carlyle.com
1a89a0df-a150-658a-02a6-249d3911bf7f,Investor.service@carlyle.com
1a89a0df-a150-658a-02a6-249d3911bf7f,dppc@carlyle.com
1a89a0df-a150-658a-02a6-249d3911bf7f,media.europe@carlyle.com
1a89a0df-a150-658a-02a6-249d3911bf7f,media.asia@carlyle.com
f2441c71-0f0a-9612-03d1-eb77fdf97cb7,info@bacp.com
100b40f9-fe38-4143-530c-c85fe90137bf,info@midatel.com
02e93830-8ab7-72f7-67a8-256d816bf7e0,irweb@deshaw.com
02e93830-8ab7-72f7-67a8-256d816bf7e0,inquiries@deshaw.com
02e93830-8ab7-72f7-67a8-256d816bf7e0,recruitment-nyc@world.deshaw.com
02e93830-8ab7-72f7-67a8-256d816bf7e0,recruiting-inquiries@deshaw.com
02e93830-8ab7-72f7-67a8-256d816bf7e0,media-inquiries@deshaw.com
02e93830-8ab7-72f7-67a8-256d816bf7e0,fundinfo@deshaw.com
73633ee4-ea65-2967-6c5d-9b5fec7d2d5e,accounts@ycombinator.com
73633ee4-ea65-2967-6c5d-9b5fec7d2d5e,workatastartup@ycombinator.com
73633ee4-ea65-2967-6c5d-9b5fec7d2d5e,hn@ycombinator.com
73633ee4-ea65-2967-6c5d-9b5fec7d2d5e,press@ycombinator.com
73633ee4-ea65-2967-6c5d-9b5fec7d2d5e,privacy@ycombinator.com
73633ee4-ea65-2967-6c5d-9b5fec7d2d5e,_geoff@yahoo.com
73633ee4-ea65-2967-6c5d-9b5fec7d2d5e,amy@thefoundercoach.com
73633ee4-ea65-2967-6c5d-9b5fec7d2d5e,yclegal@ycombinator.com
73633ee4-ea65-2967-6c5d-9b5fec7d2d5e,geoff@yahoo.com
73633ee4-ea65-2967-6c5d-9b5fec7d2d5e,security@ycombinator.com
73633ee4-ea65-2967-6c5d-9b5fec7d2d5e,apply@ycombinator.com
75073b40-23d9-8d9c-42cc-be2688f566db,investments@burda.com
75073b40-23d9-8d9c-42cc-be2688f566db,julia.korn@burda.com
75073b40-23d9-8d9c-42cc-be2688f566db,compliance@burda.com
75073b40-23d9-8d9c-42cc-be2688f566db,Elisabeth.Worack@burda.com
75073b40-23d9-8d9c-42cc-be2688f566db,Sabine.Karpf@burda.com
75073b40-23d9-8d9c-42cc-be2688f566db,MarianneLena.Reif@burda.com
75073b40-23d9-8d9c-42cc-be2688f566db,acquisitions@burda.com
75073b40-23d9-8d9c-42cc-be2688f566db,Marie.Lefferts@burda.com
75073b40-23d9-8d9c-42cc-be2688f566db,katharina.richter@burda.com
75073b40-23d9-8d9c-42cc-be2688f566db,Sebastian.Frick@burda.com
75073b40-23d9-8d9c-42cc-be2688f566db,gettingbetter@burda.com
75073b40-23d9-8d9c-42cc-be2688f566db,info@hubert-burda-media.com
75073b40-23d9-8d9c-42cc-be2688f566db,presse@burda.com
75073b40-23d9-8d9c-42cc-be2688f566db,Dorothee.Stommel@burda.com
75073b40-23d9-8d9c-42cc-be2688f566db,verena.buecher@burda.com
75073b40-23d9-8d9c-42cc-be2688f566db,katharina.engel@burda.com
75073b40-23d9-8d9c-42cc-be2688f566db,verena.schenk-welker@burda.com
75073b40-23d9-8d9c-42cc-be2688f566db,Berthold.Heidbuechel@burda.com
75073b40-23d9-8d9c-42cc-be2688f566db,Franziska.Hippe@burda.com
b08b9b5a-3799-fbef-f852-cbb42ba341f1,kbenson@innovationworks.org
b08b9b5a-3799-fbef-f852-cbb42ba341f1,tglueck@innovationworks.org
b08b9b5a-3799-fbef-f852-cbb42ba341f1,info@innovationworks.org
1d5fa571-dbc7-6103-1369-c42b0f6ebc81,8eb368c655b84e029ed79ad7a5c1718e@sentry.wixpress.com
1d5fa571-dbc7-6103-1369-c42b0f6ebc81,info@imaripartners.com
1d5fa571-dbc7-6103-1369-c42b0f6ebc81,79baaa8e09c746d2b7401643b99792e0@sentry.wixpress.com
1d5fa571-dbc7-6103-1369-c42b0f6ebc81,605a7baede844d278b89dc95ae0a9123@sentry-next.wixpress.com
74b57f43-a0d1-024c-3812-6cc7d77d0877,Info@SuttonPlaceCapital.com
63571b06-abe6-e385-5f07-5d49d4dae662,vpl@vp.com
6a84ec1f-5b0f-ce9b-f1fe-0f012c82cc03,web@serenda.com
a7c69d60-5083-08ef-937b-6cef93a9728c,xxx@xxx.xxx
a7c69d60-5083-08ef-937b-6cef93a9728c,serviceinquiries4@bofa.com
a7c69d60-5083-08ef-937b-6cef93a9728c,individualrightsrequests@bofa.com
79e301b1-678f-8f16-509b-eaa72d27edf8,moneill@newspringcapital.com
79e301b1-678f-8f16-509b-eaa72d27edf8,acaucci@newspringcapital.com
79e301b1-678f-8f16-509b-eaa72d27edf8,tfauls@newspringcapital.com
79e301b1-678f-8f16-509b-eaa72d27edf8,aveverka@newspringcapital.com
79e301b1-678f-8f16-509b-eaa72d27edf8,jschwartz@newspringcapital.com
79e301b1-678f-8f16-509b-eaa72d27edf8,info@newspringcapital.com
1165029d-63f5-852d-232f-0e0ee6191ed6,info@northhavenpartners.com
1165029d-63f5-852d-232f-0e0ee6191ed6,user@domain.com
894cb258-c882-f3d0-af94-261b51adb78a,u003estartupcenter@h-farm.com
894cb258-c882-f3d0-af94-261b51adb78a,startupcenter@h-farm.com
894cb258-c882-f3d0-af94-261b51adb78a,sports@h-farm.com
894cb258-c882-f3d0-af94-261b51adb78a,u003esports@h-farm.com
894cb258-c882-f3d0-af94-261b51adb78a,eventi@h-farm.com
894cb258-c882-f3d0-af94-261b51adb78a,info@h-farm.com
894cb258-c882-f3d0-af94-261b51adb78a,u003einfo@h-farm.com
894cb258-c882-f3d0-af94-261b51adb78a,info.education@h-farm.com
894cb258-c882-f3d0-af94-261b51adb78a,u003einfo.education@h-farm.com
894cb258-c882-f3d0-af94-261b51adb78a,u003eeventi@h-farm.com
c4d14d6c-c8d8-117c-b8a7-0ace52bda195,SocialImpact@Landmarkventures.com
c4d14d6c-c8d8-117c-b8a7-0ace52bda195,info@landmarkventures.com
c4d14d6c-c8d8-117c-b8a7-0ace52bda195,email@address.com
c4d14d6c-c8d8-117c-b8a7-0ace52bda195,IndustrialTech@Landmarkventures.com
c4d14d6c-c8d8-117c-b8a7-0ace52bda195,ContactUs@Landmarkventures.com
c4d14d6c-c8d8-117c-b8a7-0ace52bda195,Cybersecurity@Landmarkventures.com
c4d14d6c-c8d8-117c-b8a7-0ace52bda195,contactus@landmarkventures.com
c4d14d6c-c8d8-117c-b8a7-0ace52bda195,EnterpriseTech@Landmarkventures.com
c4d14d6c-c8d8-117c-b8a7-0ace52bda195,youremail@mail.com
c4d14d6c-c8d8-117c-b8a7-0ace52bda195,ConsumerDigitalEngagement@Landmarkventures.com
1a410398-3a72-5882-99b8-6318cf594850,kyoku_owner@mb.softbank
