email,website
support@omnidrive.com,http://www.omnidrive.com
info@ckh.com.hk,http://www.ckh.com.hk/
online@wetpaint.com,http://www.wetpaint.com/
sales@brandforce.com,http://www.helio.com
sales@brandforce.com,https://www.brandforce.com
info@hwl.com.hk,http://www.hutchison-whampoa.com/
hello@jobster.co.uk,http://www.jobster.co.uk
customer.service@blinkx.com,http://www.blinkx.com
contact@liveone.com,http://www.slacker.com
sellaband@gomail.world,http://www.sellaband.com
trips@kayak.co.in,https://www.kayak.co.in
hello@kickapps.com,http://www.kickapps.com
maveron@maveron.com,http://www.maveron.com
api-services-support@amazon.com,http://amiestreet.com
api-services-support@amazon.com,http://upnext.com
802d7a4fd3f743ec907da8badf47bec3@o1378064.ingest.sentry.io,http://www.flickr.com
christopherc@seekingalpha.com,https://seekingalpha.com
sales@pbworks.com,http://www.pbworks.com
mrobinson@rvohealth.com,http://www.healthline.com/
techsupport@redfin.com,http://www.redfin.com
support@moo.com,http://www.moo.com
example@moo.com,http://www.moo.com
media@thearenagroup.net,http://www.saymedia.com/
support@groupsite.com,http://www.groupsite.com
support@example.org,http://www.kaboodle.com
sales@eventbrite.com,http://www.eventbrite.com
jason@magellanequities.com,http://www.garage.com
inquiry@genius.com,https://genius.com/
harriet.white@king.com,https://www.king.com/
cs@wallhogs.com,http://wallhogs.com
waxy@xoxo.zone,http://techmeme.com
live@spreadgroup.com,https://www.spreadgroup.com/
info@spreadgroup.com,https://www.spreadgroup.com/
presse@spreadgroup.com,https://www.spreadgroup.com/
service@gammawave.com,http://permissiontv.com
support@edg.io,http://www.edgecast.com
support@edg.io,http://www.delvenetworks.com
support@edg.io,https://edg.io
info@there.com,http://www.there.com
ian.matthews@mattel.com,http://www.mattel.com
ian.matthews@mattel.com,http://www.barbie.com
emily@swiperight.gg,http://www.mattel.com
hello@dubit.io,http://dubitlimited.com
info@echostudio.co,http://www.echostudio.co
sales@flock.com,https://flock.com
yourname@email.com,http://www.kongregate.com/
support@kongregate.com,http://www.kongregate.com/
worldclassnames@gmail.com,http://www.digitalchocolate.com
privacy@cvent.com,http://www.lanyon.com/
privacy@cvent.com,http://www.cvent.com
letstalk@affinity.com,http://www.affinity.com
info@buzzmetrics.com,http://www.buzzmetrics.com
kf@123.com.cn,http://www.guba.com
domains@solariomedia.com,http://www.ramped.com
contactveotag@gmail.com,http://veotag.com
info@tizra.com,https://tizra.com
customersuccess@rent.com,http://rentpath.com
hello@sconex.com,http://sconex.com
press@google.com,http://www.saynow.com
press@google.com,http://apture.com
press@google.com,http://episodic.com
resourcecenter@google.com,http://www.dMarc.net
pr@worldofgoodbrands.com,https://www.leafgroup.com
support@flowplay.com,http://www.flowplay.com
plans@tripit.com,http://www.tripit.com
china@pubmatic.com,http://www.pubmatic.com
desarrollo@in2apps.com,http://www.in2apps.com
info@seekstorm.com,http://www.faroo.com
sales@webclients.net,http://webclients.net
095ab97f02b34d54886e285685ac53e8@o1108156.ingest.sentry.io,http://www.standoutjobs.com
support@mntre.com,http://www.aka-aki.com
bizdev@webjam.com,http://www.webjam.com
help@animoto.com,http://animoto.com
hello@ponoko.com,https://www.ponoko.com/laser-cutting/oakland-bay-area
sales@jiglu.com,http://www.jiglu.com
support@eons.com,http://www.eons.com
info@ffwd.com,http://www.ffwdwheels.com/
email@email.com,http://www.zerofootprint.net
support@bizplantool.com,http://planhq.com
zimbra-team@zimbra.com,http://zimbra.com
games.contact@smach.io,http://www.ooblada.net/
info@verisign-grs.com,http://gnr.com
inquiry@eoncapital.com,http://www.eoncapital.com/
privacypolicyupdates@automattic.com,http://automattic.com
accessible_ww@oracle.com,https://www.oracle.com
accessible_ww@oracle.com,https://www.oracle.com/
abc@company.com,http://seesmic.com
clientservices@ubertor.com,http://www.ubertor.com
your@email.com,http://youbundle.com
your@email.com,https://www.trustpilot.com
your@email.com,http://www.yoursurvival.com
your@email.com,https://www.makmendemedia.com
your@email.com,http://www.nozbe.com
contactus@realself.com,https://www.realself.com
support@eyejot.com,http://www.eyejot.com
sara.boboltz@huffingtonpost.com,https://www.huffpost.com/
customerservice@atriaseniorliving.com,http://www.caring.com
info@thrivesmart.com,http://www.thrivesmart.com
support@splunk.com,https://www.splunk.com
tgraham@cnet.com,https://www.cnet.com/
tgraham@cnet.com,http://www.techtracker.com
info@instacoll.com,http://www.instacoll.com
webmaster@example.com,http://www.3rdeye.co.uk
webmaster@example.com,http://www.weplug.com
webmaster@example.com,http://www.dlife.com
webmaster@example.com,https://www.mapmytracks.com
press@smugmug.com,http://www.phanfare.com
press@smugmug.com,https://www.smugmug.com
help@smugmug.com,http://www.phanfare.com
contact@jott.fr,http://www.jott.com
onlinehelp@troweprice.com,http://www.troweprice.com
support@salary.com,http://www.salary.com
privacy@exponential.com,http://beliefnet.com
getbusted@bustedtees.com,http://www.bustedtees.com
maskid@live.cn,http://www.admedian.com
hello@yitb.com,http://www.admedian.com
contactus@convergeone.com,http://www.ventech.com
support@chumby.com,http://chumby.com/
you@example.com,https://www.globalgiving.org
kbrinks@acvinc.com,http://www.alliancecapitalventures.com
bizplus.travel@kayak.com,http://www.kayak.com
contact@kior.com,http://www.kior.com
info@causes.com,http://causes.com
info@laptop.org,http://www.laptop.org
london@jellyfish.com,http://www.jellyfish.com
info@indiantypefoundry.com,http://www.cameronrealestateservices.com
e@trugroup.com,http://www.boston-power.com
developer@auvica.de,http://www.fancast.com
support@babbel.com,http://friendsabroad.com/
support@babbel.com,http://www.babbel.com
info@frevvo.com,http://www.frevvo.com
investors@naukri.com,http://www.infoedge.in
contactus@ivideosongs.com,http://www.ivideosongs.com
info@bsi.ag,http://www.bsi.ag
contact@upc360.net,http://upc360.com/
business.help@1global.com,http://www.truphone.com
support@architech.vc,http://cofoundr.com
team@visualcv.com,https://www.visualcv.com
info@project-open.com,http://www.project-open.com
hello@web2wave.com,http://www.web2wave.com
info@verticalcurve.com,http://www.verticalcurve.com
ar_lax@mibura.com,http://www.mibura.com
info@investnovascotia.ca,http://www.innovacorp.ca
contact@gawker.com,http://gawker.com
info@sikka.ai,https://www.sikkasoft.com
recruitment-nyc@world.deshaw.com,https://www.deshaw.com
brownstoner@blankslate.com,http://www.brownstoner.com
support@goldenname.com,http://about.lunarr.com
support@goldenname.com,http://www.txcapital.cn
team@agentivity.com,http://www.insidegroup.net
info@smartmunk.com,http://www.smartmunk.com
support@altercall.com,http://www.pathconnect.com
ir@xinye.com,http://ir.finvgroup.com/
email@example.com,http://www.bookhuddle.com
email@example.com,https://www.livewirenet.com
email@example.com,http://www.tivo.com
email@example.com,http://www.blogher.com
email@example.com,https://translated.com/
customercare@askadoctor24x7.com,http://www.healthcaremagic.com
info@sitespect.com,http://www.SiteSpect.com
support@sharemethods.com,http://www.sharemethods.com
staff@chowhound.com,http://www.chowhound.com
inexorabletash@gmail.com,https://www.netflix.com
hello@clerkswell.com,http://www.clerkswell.com
upport@review.com,http://www.princetonreview.com
support@online-access.com,https://www.hvacwebsites.com/
help@newyorker.com,http://pitchfork.com
help@newyorker.com,http://www.epicurious.com
support@redux.com,https://www.redux.com
team@tiny.cloud,https://www.tiny.cloud
support@flurry.com,http://www.flurry.com
amkryukov@gmail.com,http://www.beema.com
amkryukov@gmail.com,http://mochila.com
sales@bigtincan.com,http://www.sliderocket.com
webmaster@love2trade.com,http://www.love2trade.com
support@e-junkie.com,http://www.e-junkie.com
tonicstudiosusa@tonic-studios.com,https://tonic-studios.com
customercare@fibre2fashion.com,http://www.fibre2fashion.com
gogocater@gmail.com,http://www.gogocater.com/
klanten@rocketlawyer.nl,https://www.rocketlawyer.com
attorneyservices@rocketlawyer.com,https://www.rocketlawyer.com
support@easeus.com,http://www.easeus.com
primahengkiki@gmail.com,http://www.wopata.com
primahengkiki@gmail.com,http://www.signaldemand.com
primahengkiki@gmail.com,http://www.zapnat.com
support@dialogtech.com,http://www.dialogtech.com
tianguang@east.net,http://innofidei.com
name@domain.com,http://www.kareo.com
info@mxzn.com,http://www.livehit.com
user@domain.com,http://www.brijit.com
user@domain.com,https://www.stubmatic.com
info@scandigital.com,http://www.scandigital.com
sales@osidosi.net,http://www.osidosi.com
pitch@djakne.com,http://www.menmo.se
faq@programmermeetdesigner.com,http://programmermeetdesigner.com
filler@godaddy.com,http://www.jasperdesign.ca
filler@godaddy.com,http://picateers.com
privacy@imperva.com,http://www.imperva.com
you@company.com,http://www.platformsolutions.com
rf_mems@wispry.com,http://www.wispry.com
digacast@yahoo.com,http://cognitivelabs.com
catherinebillon@me.com,http://www.riverwired.com
email@address.com,http://www.everyscape.com
support@sched.com,https://sched.com
support@liveventures.com,http://live-ventures.com
bettermx.honeytrap@gmail.com,http://www.oneresult.co.uk
name@company.com,http://www.wrike.com
name@company.com,http://www.absolute.com
hello@pixelarity.com,http://www.buy.at/
security-challenge@octopart.com,http://octopart.com
contactus@outible.com,http://280north.com
info@msystemsintl.com,http://www.msystemsintl.com
andy@justhandlethis.com,http://a2ltd.com
onitoring@wdc.com,https://shop.westerndigital.com
support@westerndigitalcredit.com,https://shop.westerndigital.com
support@dripbook.com,http://www.dripbook.com
info@livebooks.com,http://livebooks.com
henri@acomo.com,http://www.acomo.com
contact@utilis.fr,http://www.utilis-international.com/
chris@buydsn.com,http://directsportsnetwork.com/
enteryour@email.com,http://www.zend.com
sophia@iliketotallyloveit.com,http://iliketotallyloveit.com
glamour.bee@hotmail.com,https://backdoorslidermedia.wordpress.com/
bonjour@devolia.fr,https://devolia.fr/
hello@performive.com,http://www.performive.com
contact@phununet.com,http://www.phununet.com
info@greenlightmm.com,http://greenlightmm.com/
info@terramatrixmedia.com,http://www.terramatrixmedia.com/index.html
privacy@kodexio.com,http://www.foliolink.com
ecruitinghelp@riverbed.com,http://www.aternity.com
mxm.jademaddox@gmail.com,http://www.dropsend.com
admin@totalwptheme.com,http://www.infoblox.com
support@businessinsider.com,http://www.businessinsider.com
info@weplay.com,http://www.weplay.com
jean@email.com,http://www.livecurrent.com
mark@livecurrent.com,http://www.livecurrent.com
aarevalo@thinkinbytes.com,http://thinkinbytes.com/
support@turnsmith.com,http://www.turnsmith.com/
support-en@eyeka.com,https://www.eyeka.com
guides@bonobos.com,http://www.bonobos.com
support@vflyer.com,http://www.vflyer.com
info@alphatrust.com,http://www.alphatrust.com
example@yourdomain.com,http://www.undertone.com
easylinkindia@outlook.com,http://www.easylinkindia.com/
hello@intridea.com,http://www.intridea.com
info@andunite.com,http://www.andunite.com
amorales@bnamericas.com,http://www.bnamericas.com
support@osiaffiliate.com,http://www.omnistaretools.com
info@example.com,http://83degrees.com
info@example.com,http://www.nearsoft.com
info@example.com,http://diamondse.info
jubao@vip.sina.com,http://www.sina.com.cn
webmaster@osliving.com,http://www.osliving.com
sales@finfolio.com,http://www.finfolio.com
dataprivacyoffice.nar@capgemini.com,http://www.us.sogeti.com
info@mads.com,http://www.mads.com
example@example.com,https://honeypotmarketing.com/
games@gofresh.de,http://www.gofresh.de
support@secureserver.net,http://greatdomainrace.com
hello@oxd.com,http://www.oxd.com
enquiries@teleware.com,http://www.teleware.com
hello@slytrunk.com,http://www.kontend.com
sung@enreach.com,http://www.swyx.com
info@creativecommons.org,http://creativecommons.org
ravi4321@aol.com,http://www.ipowerapps.com
sales@seattlesoftware.com,http://www.seattlesoftware.com
info@ipass.com,http://ipass.com
press@dotdashmdp.com,https://www.dotdash.com/
press@dotdashmdp.com,http://www.meredith.com
press@dotdashmdp.com,http://www.realgirlsmedia.com
press@dotdashmdp.com,http://www.healia.com
press@dotdashmdp.com,http://www.ipcmedia.com
usainfo@janmedia.com,http://www.janmedia.com
sales@projectlocker.com,http://www.projectlocker.com
webmaster@cutcaster.com,http://www.cutcaster.com
support@prestage.unitedlayer.com,http://www.unitedlayer.com
support.ciq@spglobal.com,http://www.capitaliq.com
aaron@innoveghtive.com,http://innoveghtive.com
info@pagefreezer.com,http://www.iterasi.com
shipping_handling@bizrate.com,http://www.bizrate.com
seogacoan@gmail.com,http://www.apml.org
hello@soocial.com,https://www.soocial.com/
info@soocial.com,https://www.soocial.com/
info@popula.de,http://popula.de
kundenservice@ich-zapfe.de,http://www.beer-universe.com
inquiries@mito.hu,http://mito.hu
aniko.fekete@mito.hu,http://mito.hu
office@mito.hu,http://mito.hu
support@strawpoll.com,https://strawpoll.com
4837182022369280@builddirect.com,http://www.builddirect.com
support@beenverified.com,https://www.beenverified.com
user@nfts.co.uk,http://mubi.com
support@route4me.com,http://oosah.com
raghu@raghusrinivasan.com,http://feedfliks.com
web@serenda.com,http://serenda.com
ftlocations@ft.com,http://www.gisplanning.com/
hello@razorfish.com,http://www.razorfish.com
support@estately.com,https://www.estately.com/
dataprivacy@anywhere.re,https://www.estately.com/
apassi@infinera.com,http://www.infinera.com
design@iconfactory.com,http://iconfactory.com
info@bsdcity.id,http://www.beamme.info
help@ticketleap.com,https://www.ticketleap.com/
felssy.antoni@verizon.com,https://www.verizon.com
biz@invokedigital.co,https://invokedigital.co
info@construktiv.de,http://www.websnapr.com
info@construktiv.de,http://www.construktiv.de
service@bluenile.com,http://www.bluenile.com
info@phaseware.com,http://www.phaseware.com
tommy@topmobilebanks.com,https://topmobilebanks.com
hire@conceptcache.com,http://www.conceptcache.com
talk2us@voxtelecom.co.za,https://www.vox.co.za
rica.act@voxtelecom.co.za,https://www.vox.co.za
support@tizmos.com,http://www.tizmos.com
info@newleaders.com,https://newleaders.com
pr@fool.com,http://fool.com
info@nakko.com,https://www.nakko.com
support@visible.net,http://www.visible.net
public-socialweb-comments@w3.org,http://OpenSocial.org
support@wponlinesupport.com,http://www.sptechnolab.com
info@dezide.com,http://www.dezide.com
dacort@data-folks.masto.host,http://tweetstats.com
help@pearbudget.com,http://pearbudget.com
contact@crowdedgames.com,http://www.crowdedgames.com
contact@acupuncture.com,http://www.acupuncture.com
info@splicens.com,http://www.splicens.com
hello@nectil.com,http://www.nectil.com
max@domain.com,http://www.tweetcube.com
services@csod.com,http://www.saba.com/
notifications@sourcetoday.com,http://www.supplychainconnect.com
superninja777888@gmail.com,http://www.wujwuj.com
feedback2023@webconverger.com,http://webconverger.com
business@tupalo.com,http://tupalo.com
contact@transpera.ca,https://transpera.ca
support@obout.com,http://www.e-ware.net
support@optionpundit.com,http://www.optionpundit.net
support@jitterbit.com,http://www.jitterbit.com
questions@pingability.com,http://pingability.com
info@comparenetworks.com,http://www.comparenetworks.com
info@savvycellar.com,http://www.savvycellar.com
support@razuna.com,http://www.razuna.com
sales@ibizsoftinc.com,http://www.ibizsoftinc.com
careers@c4media.com,https://c4media.com/
hi@monkeyinyoursoul.com,http://monkeyinyoursoul.com
sales@locklizard.com,http://www.locklizard.com
press@indieflix.com,http://www.indieflix.com
medien@telekom.de,http://www.telekom.com
contact@gooddata.com,http://www.gooddata.com
newbusiness@mekanism.com,http://www.mekanism.com
klantenservice@bol.com,http://bol.com
info@cobaan.com,http://www.cobaan.com
sales@invensis.net,https://www.invensis.net/
mmcintosh@esperdyne.com,http://www.esperdyne.com/
dr.mike@bizsmartglobal.com,http://www.campbizsmart.org
janesmith@gmail.com,http://www.campbizsmart.org
valoris@valoris.com,http://www.valoris.com
matthew.rudd@absoluteradio.co.uk,http://www.absoluteradio.co.uk
sales@linxup.com,http://www.agilissystems.com
press.department@open-e.com,http://www.open-e.com
info@sightwors.com,http://www.sightworks.com
info@mobilerider.com,http://www.mobilerider.com
hello@wrlds.com,https://wrlds.com/
support@datanamic.com,http://www.datanamic.com
info@carsonproxy.com,http://www.exro.com
marke@softselect.com,http://www.softselect.com
eventi@amcomposites.com,http://www.kitegen.com
info@guestlogix.com,http://www.guestlogix.com
mail@kimeta.de,https://www.kimeta.de/
info@mijngeldzaken.nl,http://www.afaspersonal.nl
username@email.com,https://www.rottentomatoes.com/
info@fireflyenergy.com,http://www.fireflyenergy.com
help@fullcircl.com,http://www.artesian.co/
mike@939design.com,http://www.939design.com
support@manhunt.net,http://www.manhunt.net
partnerships@mrm.com,https://www.mrm.com
fazal.siddiqui96@gmail.com,http://www.whitelabeldating.com
success@ignitetech.com,http://www.onespot.com/
success@ignitetech.com,http://www.right90.com
success@ignitetech.com,http://www.corizon.com
info@frontlinesms.com,https://www.frontlinesms.com/
sales@stardoll.com,http://www.stardoll.com
sales@a1technology.com,http://www.a1technology.com
yanooshray@gmail.com,http://yanooshray.googlepages.com
support@webdate.com,http://www.webdate.com
support@simprosys.com,http://www.therightone.com
hello@makingsense.com,http://www.makingsense.com
info@barracuda.com,http://www.purewire.com
info@barracuda.com,http://www.barracuda.com
info@barracuda.com,http://www.sonian.com
info@barracuda.com,http://www.barracuda.com/netcontinuum
investors@true.com,http://www.true.com
asxvmprobertest@gmail.com,http://www.channelintelligence.com
hi@ecordia.com,http://www.ecordia.com
support@hiveage.com,http://curdbee.com
support@builtwith.com,https://leadseye.builtwith.com/process/a7dd7d78-bbae-4909-b182-a648dfae8cec
sales@ziplocal.com,http://www.ziplocal.com
hi@nateweiner.com,http://ideashower.com
relax@vodaco.com,http://vodaco.com
support@mightycause.com,https://www.mightycause.com
nfo@aurusit.com,http://www.aurusit.com
sales@alereon.com,http://www.alereon.com
info@di-eyes.com,http://dieyes.com
customer@easyflirt.com,http://easyflirt.com
feedback@time.com,https://time.com/nextadvisor
services@areyouwatchingthis.com,http://areyouwatchingthis.com
info@azerion.com,http://mousebreaker.com/index.php
name@address.com,http://www.SnapUpRealEstate.com
support@stardock.com,http://www.stardock.com
commercial@tangivel.com,https://www.tangivel.com
trial@sisense.com,http://www.sisense.com
info@unionstreetmedia.com,http://www.unionstreetmedia.com
t-labs.info@telekom.de,http://www.laboratories.telekom.com
sagetv-dev@google.com,http://www.sagetv.com
audible-search@amazon.com,http://www.audible.com
info@gtxcel.com,http://www.texterity.com
friends@organic.com,https://www.organic.com
wordygram@usegis.co.uk,http://www.usegis.co.uk
stefaniliescu@gmail.com,http://trilulilu.ro
customerservice@lehightechnologies.com,http://www.lehightechnologies.com
hello@xite.com,http://www.xite.nl
eedback@aplaceformom.com,http://www.AgingCare.com
support@docverify.com,http://www.docverify.com
info@vickimorav.com,http://www.vmtpl.com
dungnguyentn@yahoo.com,http://www.mybooo.com
962186@qq.com,http://www.molv.com
info@greenit.net,http://www.greenit.net
sales@gayadnetwork.com,http://gayadnetwork.com
marketing@clevr.com,http://www.clevr.com
todd@mashware.com,http://mashware.com
upport@easypano.com,http://www.easypano.com
contact.br@mediastay.com,http://mediastay.com
fraud-abuse@ncscc.gov.ua,http://www.woldme.com
info@ripedigital.co.uk,http://www.ripedigital.co.uk
info@portent.com,http://www.portent.com
admin@microaid.io,http://www.microaid.org
info@aaestates.com,http://www.aaestates.com
info@mediaboost.com,http://www.mediaboost.com
feedback@giglovers.com,http://www.giglovers.com
support@beebole.com,https://beebole.com
contact@gdprcomplet.ro,https://amplusnet.com
marketing@gupshup.me,http://gupshup.io
research@meclabs.com,https://www.meclabs.com
subscriberservices@usatoday.com,http://www.weather.com
drummerpml@gmail.com,https://www.thedrumfill.com/
ts@vopium.com,https://vopium.com
halomail@proimageexperts.com,http://KIPL.Net
alan@spoiltchild.com,http://www.spoiltchild.com
delivery@mypapertoday.com,https://www.wickedlocal.com
sales@minervanetworks.com,http://minervanetworks.com
gary@nuparadigm.net,https://nusolutions.net/
support@screach.com,http://www.screach.com
sales@cakemail.com,https://www.cakemail.com
bharath.lingam@xcubelabs.com,http://www.purpletalk.com
info@nurien.com,https://www.nurien.com/
service@brands4friends.de,http://www.brands4friends.de
contact@retronyms.com,http://www.retronyms.com
presse@stroeer.de,http://www.adscale.de
ilze@excellent.ca,http://www.cvon.com
sales@virtusa.com,http://www.virtusa.com
info@phpclasses.org,http://www.phpclasses.org
mcferren@seasidesyndication.com,http://www.seasidesyndication.com
copytrans@copytrans.net,https://www.copytrans.net/company/
info@goreje.com.ar,http://www.gorenje.com
sales@bennettadelson.com,http://www.bennettadelson.com/index/index.aspx
hello@imaginuity.com,https://www.imaginuity.com/
innography.support@clarivate.com,https://app.innography.com
pgrimm@fahrenheitadvisors.com,http://www.consensuspoint.com
alon.tamir@studioproper.com,http://www.intelemail.com
sales@aldorsolutions.com,http://www.aldorsolutions.com
info@teamwerks.com,https://teamwerks.com
contact@zorch.com,https://www.zorch.com/
info@bridgegroupinc.com,http://www.bridgegroupinc.com
info@namesready.com,http://www.ecointernational.org
contact@cultuzz.com,http://www.cultuzz.com
admin@hellospring.net,http://www.hellospring.net
webmaster@workingthemagic.com,http://www.workingthemagic.com
datarequest@idg.com,http://www.infoworld.com
invest@betterlabs.net,http://www.betterlabs.net
info@respond.com,http://www.respond.com/
impallari@gmail.com,http://www.livecast.com
hello@infosoftglobal.com,http://www.infosoftglobal.com
support@d-media.nl,http://d-media.nl
info@larsendigital.com,http://www.larsendigital.com
sales@contegix.com,http://www.contegix.com
info@genepartner.com,http://genepartner.com
links@informars.com,http://www.bankaround.com
info@i-com.net,http://www.i-com.net
pressinquiries@medium.com,http://www.scientificmatch.com
info@northhavenpartners.com,http://www.northhavenpartners.com
hello@brightbox.com,http://www.brightbox.com
seanl@prosperaevents.com,http://www.innotechconference.com
sample@mail.com,http://www.iloho.com
tory.parrish@newsday.com,http://www.newsday.com
info@fullspectrumsoftware.com,http://www.fullspectrumsoftware.com
name@email.com,https://jobs.sears.com/
customersupport@military.com,http://www.military.com/
sales@dynatrace.com,http://www.keynote.com
sales@dynatrace.com,https://www.dynatrace.com
inquiry@cognizant.com,https://www.cognizant.com
accounts@mightybytes.com,http://www.mightybytes.com
info@lawyerlocate.ca,https://lawyerlocate.ca
goldsteinmedia@goldsteinmedia.com,http://www.goldsteinmedia.com
info@foodtourcorp.com,http://www.dcmetrofoodtours.com
support@sweemo.com,http://www.sweemo.com
u003estartupcenter@h-farm.com,http://www.h-farm.com/en/
enquiries@cybertill.com,https://cybertill.com
info@serachcloud.net,http://www.searchcloud.net
mrsupport@medrespond.com,https://www.medrespond.com/
info@accipitersystems.com,http://www.accipitersystems.com
info@monstreet.com,http://www.broong.com
info@rememble.com,http://www.rememble.com
contact@clinnovo.com,http://www.clinnovo.com
info@softlink.co.uk,https://www.softlinkint.com
communications@softlinkint.com,https://www.softlinkint.com
support@softlinkint.com,https://www.softlinkint.com
info@inteqgroup.com,http://www.inteqgroup.com
name@mail.com,http://www.neom.com
info@compubase.nl,http://www.compubase.nl
embrace@fluxx.uk.com,http://albion.co
support@primal.com,https://www.primal.ai/
sales@rankboom.com,http://www.rankboom.com
press@coda.io,http://www.coda.io/
info@paragon-software.com,http://www.paragon-software.com
hello@manas.tech,http://www.manas.com.ar
verkauf-snapview@bsi-software.com,http://www.BeamYourScreen.com
front.desk@communitech.ca,http://www.communitech.ca
privacyrequests@conductor.com,http://www.conductor.com
sales@fabsurplus.com,https://www.fabsurplus.com
datenschutz@sharpmind.de,http://www.bigredzebra.de
info@ibacos.com,http://www.buildiq.com
contabilidad@escapadarural.com,http://www.escapadarural.com
info@dabbledoomusic.com,http://www.dabbledoo.com
info@imthemusic.com,http://www.imthemusic.com
soporte@agroterra.com,http://www.agroterra.com
kristen@paccrestinspections.com,http://paccrestinspections.com
golf@canalgolf.com,http://www.canalgolf.com
info@casius.be,http://www.casius.com
mobera97@gmail.com,http://www.mobera.in
support@skygrid.com,http://SkyGrid.com
contact@loadeddicefilms.com,https://www.loadedmedia.com
george@mand.is,https://snaptortoise.com
info@topiatechnology.com,http://www.topiatechnology.com
dan@polityresearch.com,http://www.polityresearch.com
webmaster@classtell.com,http://classtell.com
destek@tisho.com,https://www.tisho.com/
hello@giveasyoulive.com,http://www.everyclick.com
experts@ondexx.com,https://www.ondexx.com
andreas@ontologycentral.com,http://ontologycentral.com
hello@jeecarnot.com,https://jeecarnot.com/
anfragen@gbanga.com,http://www.gbanga.com
sales@delinea.com,https://www.centrify.com
info@hmri.org,http://www.hmri.org
admin@amerifun.us,http://www.amerifun.us
stremblay@sbcglobal.net,http://www.amerifun.us
info@directededge.com,http://www.directededge.com
info@bccresearch.com,http://www.bccresearch.com
ryma@onedesk.com,http://www.rymatech.com
contatti@deltasystem.it,http://www.cta.it
memberservices@eastbankclub.com,http://eastbankclub.com
hello@nextiva.com,http://www.inTALK.com
hello@nextiva.com,http://www.nextiva.com
contact@mixedinkey.com,http://www.mixedinkey.com
info@infoactive.net,http://www.infoactive.net
hello@striderseo.com,http://striderseo.com
sales@equipmentsimulations.com,http://www.eqsim.com
webmaster@twit.tv,https://TWiT.tv/
customerservice@nadex.com,http://www.nadex.com/
address@email.com,http://www.shopwiki.com
info@joltageinnovation.com,http://www.joltageinnovation.com
amitvikram24@gmail.com,http://www.cutter.com
info@clinicprime.com,http://exmachina-movie.com
domain@eyewonder.com,http://www.eyewonder.com
info@starmarksv.com,http://starmarksv.com/
contact@synergie-media.com,http://www.synergie-media.com
adlin@mindfund.com,http://www.imindi.com
email@gmail.com,http://popscreen.com
mla@fohboh.com,http://www.fohboh.com
rittany@theadory.com,http://www.theadory.com
compaq-licensing@hp.com,http://www.compaq.com/
evolutioneer@gmail.com,http://www.interviewtrail.com
info@o-ms.com,http://www.o-ms.com
info@tingz.net,http://tingz.net
info@adlibjapan.jp,http://www.adlibjapan.jp
support@digicert.com,http://www.geotrust.com
info@getmarvia.com,https://www.getmarvia.com
copyright@suning.com,http://www.pptv.com
erick@pic.me,http://pic.me
service@weka.de,http://www.foerderland.de
sales@amt.in,http://www.amt.in
customersupport@internationaldrugmart.com,http://www.internationaldrugmart.com
supportteam@shofr.com,http://shofr.com
info.mad@buzzmn.com,http://www.bloguzz.com
info@inforeachinc.com,https://www.inforeachinc.com
info@unifiedsoftware.co.uk,http://www.unifiedsoftware.co.uk
info@freehtml5.co,http://www.utagoe.com/en/index.html
info@imixs.com,http://www.imixs.org
webmaster@bankrate.com,http://bankrate.com
xxx@xxx.xxx,http://www.voodoopc.com
partnerships@divvy.com,http://www.divvy.com
info-other@oliverwyman.com,http://www.oliverwyman.com
fulfillment@printswell.com,http://www.stationerystyle.com
info@piematrix.com,http://www.pie.me
info@azrisolutions.com,http://azrisolutions.com
rose@expensify.com,https://we.are.expensify.com
customercare@tatacapital.com,http://www.tatacapital.com
contactus@tatacapital.com,http://www.tatacapital.com
info@staynalive.com,http://staynalive.com
contato@dynamicsystems.com.br,http://www.dynamicsystems.com.br
contact@easy-it.fr,http://www.easy-it.fr
hallo@die-erklaervideo-agentur.de,http://www.wildscreen.tv
hallo@die-erklaervideo-agentur.de,https://die-erklaervideo-agentur.com/
info@dhaka-bd.com,http://www.dhaka-bd.com
username@example.com,http://www.sysarc.com
info@raland.com,http://www.raland.com
contact@magnettechnologies.com,http://www.magnettechnologies.com
johndoe@domain.com,http://www.webtogs.co.uk
sales@fastmetrics.com,https://www.fastmetrics.com
gethelp@ccgnet.com,http://www.ccgnet.com
info@idiro.com,https://idiro.com
webmaster@bigfishgames.com,http://www.bigfishgames.com
info@3sigma.fr,http://www.3sigma.fr
you@email.com,http://www.alice.com
enquiry@webguru-india.com,https://www.webguru-india.com
skr-google@ketchum.com,http://tnccompany.com
info@brickmarketing.com,https://www.brickmarketing.com/
7212de0edeea45c5b04931737e7f1669@o4505187054911488.ingest.sentry.io,http://www.casaswap.com
contact@ebrand.vn,http://www.ebrand.vn/
hello@chosio.io,http://www.amethon.com
contact@viostream.com,http://www.viostream.com
lafirel@gmail.com,http://www.jobmixi.com
me@mebassett.info,http://www.sneffel.com
support@plum.wine,https://www.plum.wine/
info@ideavity.com,http://www.ideavity.com
support@tarot.com,http://www.tarot.com
studentdefense@emagister.com,http://www.emagister.com
sales@atalasoft.com,http://www.atalasoft.com
support@eschedule.ca,http://www.eschedule.ca/
webmaster@mcintyremedia.com,http://www.mcintyremedia.com
hi@myplay.com,http://www.myplay.com/
hello@gluednetwork.com,http://gluednetwork.com
info@artefactgroup.com,http://www.artefactgroup.com
juliet@example.com,http://www.jabber.org
help@mapquest.com,http://www.mapquest.com
sayhello@insivia.com,http://www.insivia.com
rp.cmyk@gmail.com,http://www.dailypioneer.com/
julia@goodlifeproductions.net,http://voice123.com
info@ragic.com,http://www.ragic.com
sales@combell.com,https://www.combell.com
contact@moncv.com,http://moncv.com
help@justpark.com,https://www.justpark.com
marketing@claritas.com,http://www.claritas.com
info@localyte.com,http://www.localyte.com
info@itecom.be,http://www.itecom.be
info@dcttec.com,http://dcttec.com
contact@mobelux.com,http://www.mobelux.com
example@gmail.com,http://www.gamesalad.com
sales@webtrade.ie,http://www.webtrade.ie
iller@hilcoglobal.com,https://www.advertise.com
info@bunect.com,http://www.bunect.com
support@24sevenoffice.com,https://24sevenoffice.com
info@navara.nl,http://www.navara.nl
katja@codexmedia.de,http://codexmedia.de
support@winksite.com,http://www.winksite.com
customerservice@th-record.com,http://www.recordonline.com
usa@worldindia.com,http://indiawebhosting.com
support@cerego.com,http://www.cerego.com
hello@smashlab.com,http://www.smashlab.com
contact@onellama.com,http://www.onellama.com
info@shercom.com,http://www.shercom.com
afe@creativity.net,http://creativity.net
various@creativity.net,http://creativity.net
info@vinfotech.com,http://www.vinfotech.com
support@eltima.com,http://www.verdisoft.com
contact@aggdata.com,http://www.aggdata.com
info@pec.infofactory.it,http://www.infofactory.it
sean@seancarlos.org,http://antezeta.com
flameup@flameup.com,http://www.flameup.com
name@yoursite.com,http://www.EvDomains.com
name@yoursite.com,http://www.evpal.com
joedoe@gmail.com,https://42friends.com/
email@domain.com,https://www.locationshawaii.com
email@domain.com,http://www.zubka.com
info@clearcreekpartners.com,http://www.clearcreekpartners.com
studentconnector@yellowparachute.com,http://www.yellowparachute.com
support.response@gumtree.com,https://www.gumtree.com/
hello@acknowledgement.co.uk,http://www.acknowledgement.uk
info@globalrelay.net,http://www.globalrelay.com
jacob@webcom.dk,http://www.webcom.dk
info@whatclinic.com,http://www.whatclinic.com
info@hbmeo.com,http://www.artivision.com/media
hello@thosegeeks.com,http://thosegeeks.com
partners@lindenlab.com,http://secondlife.com
website@amfventures.com,http://www.amfventures.com
hakan@dun.se,http://www.dun.se
support@leadtools.com,https://www.leadtools.com
info@barefootyoga.com,http://www.barefootyoga.com/
you@site.com,http://www.capstonelabs.com
online@kiwibox.com,http://Kiwibox.com
agentur@coma2.com,http://www.coma2.com
info@tvgla.com,http://www.tvgla.com
privacy@cision.com,http://cision.com
once.were.animals@gmail.com,http://www.largeanimal.com
info@accelerate.co.il,http://www.accelerate.co.il
info@fattail.com,https://www.fattail.com
info@mediamobz.com,http://www.mediamobz.com
sales@tenmien.com,http://www.zingfu.com
insidesales@thismoment.com,http://www.thismoment.com
mwladmin@mywonderfullife.com,http://www.mywonderfullife.com
sales@iscripts.com,https://www.agriya.com
marketing@questgroups.com,http://www.questgroups.com
contact@railsware.com,http://railsware.com
complaints@mediatoolkit.com,http://www.goldstar.com
caroline.smith@anuvu.com,http://www.seamobile.com
privacy@ratezip.com,http://www.ratezip.com
sales@searchblox.com,https://www.searchblox.com
hotline@energy.ch,http://www.usgang.ch
support@scate.com,http://www.scate.com
your.email@company.com,http://www.americanreading.com
fluidesign@rowfluidesign.com,http://www.rowfluidesign.com
ash@rowfluidesign.co.uk,http://www.rowfluidesign.com
info@madeirawindbirds.com,http://www.madeirawindbirds.com
24h-auskunft@aws.at,http://www.awsg.at
info@hamptonswineshoppe.com,http://www.hamptonswineshoppe.com
moorthy@kirusa.com,http://www.kirusa.com
serviceclient@wengo.com,http://www.wengo.fr
ideabook@customermotivators.com,https://customermotivators.net/
scheduling@bamstudios.com,http://www.bamstudios.com
sidney@bamstudios.com,http://www.bamstudios.com
billing@blacknight.com,https://www.blacknight.com
support@gigpay.com,http://www.gigpay.com
support@palisis.com,http://www.tourcms.com
support@bookrix.de,http://www.bookrix.com
techteam@instra.com,http://www.clubbyclub.com
customer.service@trademarkia.com,http://www.legalforcelaw.com
privacypolicy@wmg.com,http://www.atlanticrecords.com
info@remal.com,http://www.remal.com
help@sofatutor.com,https://us.sofatutor.com
thomas.gebhart.ma09@bundestag.de,http://www.podcast.de
support@sparkart.com,https://www.sparkart.com
usclientsuccess@issmarketintelligence.com,http://www.brightscope.com
enquiry@mavenlab.com,http://www.mavenlab.com
support@diffbot.com,http://www.diffbot.com
you@yourcompany.co.uk,http://www.recastdigital.com
hello@bignerdranch.com,http://bignerdranch.com
press@redventures.com,http://www.redventures.com
info@elementn.com,http://www.elementn.com
support@squarespace.com,http://www.squarespace.com
info@voxox.com,http://www.voxox.com
sample@example.com,http://www.dakesolutions.com
bubwaldrop@bubwaldroproofing.com,http://www.angeloroofing.com
info@rocudo.com,http://www.rocudo.com
ss@gomail.world,http://www.lucidlogix.com
info@moviefone.com,https://www.moviefone.com/
info@livebuzz.com,http://www.livebuzz.com
support@untilgone.com,http://www.yugster.com/
ask@kellton.com,http://www.tivix.com
contactus@cheezburger.com,http://cheezburger.com
support@freecrm.com,http://www.freecrm.com
partnerships@vio.com,http://travelpost.com
support@sitepoint.com,http://www.sitepoint.com
desk@authorstream.com,http://www.authorstream.com
info@zenect.com,http://www.zenect.com
studies@fabernovel.ey.com,http://www.fabernovel.com
sales@seoinc.com,https://www.seoinc.com
mail@1info.com,http://www.1computer.info
projects@solidstategroup.com,http://www.solidstategroup.com
info@jaincotech.com,http://www.jaincotech.com
info@gtminfotech.com,http://www.gtminfotech.com
govtrack@mastodon.social,https://www.govtrack.us/
support@inmotionhosting.com,http://www.genevasoftech.com
info@quicsolv.com,https://www.quicsolv.com
sidneyrees@gmail.com,https://www.sidneyrees.com
inquiry@tseg.com,http://www.thesearchengineguys.com
marketing@volksbankwien.at,https://www.volksbank.at/
kontakt@e-dialog.de,http://www.e-dialog.group
info-emea@egenera.com,http://www.egenera.com
shlomoe@atlasct.com,http://www.atlasct.com
customerservice@quantrix.com,http://www.quantrix.com
cnair@upperquadrant.com,http://www.upperquadrant.com
info@pilotsystems.net,http://www.pilotsystems.net
info@noterik.nl,http://www.noterik.nl/
info@avocom.be,http://avocom.be
pk_support@commure.com,http://www.patientkeeper.com
customerservice@ameriglide.com,http://www.ameriglide.com
contact@dailymile.com,http://www.dailymile.com
connect@galaxysciences.com,http://www.galaxyadvisors.com
contact@videomark.com,http://www.videomark.com
elp@costar.com.tw,http://www.tractis.com
support@twine.net,https://www.twine.net
support@carnegiespeech.com,http://www.carnegiespeech.com
editors.cognovision@gmail.com,https://cognovision.com/
info@tmark.co.uk,http://www.tmark.co.uk
info@gerait.com,http://www.gera-it.com
contact@twilio.com,http://www.twilio.com
office@nextlayer.at,https://www.nextlayer.at
gr@pierlis.com,http://pierlis.com
hello@planetprospect.com,http://planetprospect.com
info@360cities.net,http://360cities.net
info@ipk.fraunhofer.de,http://www.ipk.fraunhofer.de
info@cocus.com,http://www.cocus.de
sales@cyphercor.com,http://www.logintc.com
support@cyphercor.com,http://www.logintc.com
websales@singlestoneconsulting.com,https://www.singlestoneconsulting.com/
rob@globalwatertrust.org,https://www.globalwatertrust.org
info@hotlinuxjobs.com,http://www.hotlinuxjobs.com
info@pilotlite.com,http://www.pilotlite.com
glif@thefsegroup.com,http://www.thefsegroup.com
support@eventkingdom.com,http://www.eventkingdom.com
info@kognitiv.com,http://kognitiv.com
customercare@buyerzone.com,http://www.buyerzone.com
ello@autreplanete.com,http://www.autreplanete.com
mail@bastianallgeier.com,http://zootool.com
sales@roxen.com,http://www.roxen.com
contact@dailybread.com,http://www.dailybread365.com
contact@sansoxygen.com,http://www.northrockresources.com
sales@hirebridge.com,http://www.Hirebridge.com
help@carbonmade.com,https://carbonmade.com
info@byclosure.com,http://byclosure.com
future@doc.email,http://www.momail.com
oe@memail.com,http://www.momail.com
help@tutorteddy.com,http://www.aafter.com
sales@logivert.com,http://www.logivert.com
hola@casandra.com.mx,http://www.casandra.com.mx/index.aspx
info@verix.com,http://www.verix.com
info@splash-studios.com,http://www.splash-studios.com
conversations@gnoso.com,http://gnoso.com
support@bankbazaar.com,https://www.bankbazaar.com
connect@convergenttec.com,http://www.convergenttec.com
michael.queralt@queraltinc.com,http://www.queraltinc.com
support@banzailabs.com,http://www.banzailabs.com
info@seibert.group,http://www.seibert-media.net
contact@lecollectiffreelance.fr,https://www.webedia-group.com/
info@therezlifestyle.com,http://theRezLife.com
contact@immobilio.com,http://www.immobilio.com
carlos@neurotic.es,http://www.neurotic.es
feedback@refinery29.com,http://www.refinery29.com
hello@messagespace.co.uk,http://www.messagespace.co.uk
support@wepapers.com,http://www.wepapers.com
info@slideflickr.com,http://www.slideflickr.com
admin@genuitec.com,http://genuitec.com
help@bl.ink,https://www.bl.ink/
info@teambits.de,http://www.teambits.de
contact@itruns.co,http://www.itrunsinmyfamily.com
hello@adjust.be,http://www.adjust.be
learningcoach@sophia.org,http://www.guaranteach.com
sales@webgains.com,http://www.webgains.com
managed-sales@krystal.io,http://www.everycity.co.uk
contact@lingueo.com,http://www.lingueo.com
b2b@lingueo.com,http://www.lingueo.com
drew@oxidedesign.com,http://www.oxidedesign.com
zack@s3crm.com,http://www.s3crm.com
sales@contourds.com,http://contourds.com
support@campusgroups.com,http://www.novalsys.com/
