website,page,email
http://www.webs.com,,
http://cuil.com,,
http://www.pakt.com,,
http://www.lightsurf.com/solutions/mmsc.html,,
http://www.syntraxis.com,,
http://bhytfv.com,,
http://www.polarrose.com,,
http://www.mtlk.com,,
http://www.dopetracks.com,,
http://Lineupnewyork.com,,
http://www.goojet.com,,
http://conferencecallnotes.com,,
http://www.simopsstudios.com,,
http://www.metaplace.com,,
http://www.visibletechnologies.com,,
http://www.bigswerve.com,,
http://www.houseglue.com,,
http://www.ipartee.com,,
http://www.suggestionbox.com,,
http://stixy.com,,
http://www.fixya.com,,
http://broadclip.com,,
http://swamble.com,,
http://www.nettoons.com,,
http://gamerdna.com,,
http://www.airbornemobile.com/website/en/home,,
http://www.greenesthost.com,,
http://www.socialproject.com,,
http://jawbone.com/home,,
http://www.brightqube.com,,
http://www.groupswim.com,,
http://www.SueEasy.com,,
http://www.speeddate.com,,
http://www.ffwdwheels.com/?locale=en_US,,
http://www.myworklight.com,,
http://www.enurgi.com,,
http://www.wirenode.com,,
http://www.sermo.com,,
http://www.mobovivo.com,,
http://www.data360.org,,
http://www.sutree.com,,
http://www.itsmylifellc.com,,/c183baa23371454f99f417f6616b724d@sentry.wixpress.com
http://www.styky.com,,
http://www.thisnext.com,,
http://getsatisfaction.com,,
http://www.xobni.com,,
http://ekko.tv,,
http://www.thembid.com,,
https://www.forside.co.jp/,,
http://vidora.tv,,
http://www.mportico.com,,
http://www.onforce.com,,
http://www.buzzdash.com,,
https://www.ponoko.com/laser-cutting/oakland-bay-area,,hello@ponoko.com
https://www.ponoko.com/laser-cutting/oakland-bay-area,,hello@ponoko.com
http://www.webjam.com,,
http://www.aka-aki.com,,support@mntre.com
http://www.aka-aki.com,,support@mntre.com
http://www.urbanmapping.com,,
https://zello.com/,,
http://mozy.com,,
http://www.imsafer.com,,
http://www.smarthippo.com,,
https://www.punchbowl.com,,
http://www.trigence.com,,
http://flexiscale.com,,
http://sclipo.com,,
http://www.itema.com,,
http://www.notemark.com,,
http://www.nemedia.com,,
http://college.com,,
http://college.com,,
https://www.mozilla.org,,//c3ab8514873549d5b3785ebc7fb83c80@o1069899.ingest.sentry.io
https://www.mozilla.org,,//c3ab8514873549d5b3785ebc7fb83c80@o1069899.ingest.sentry.io
https://www.mozilla.org,,//c3ab8514873549d5b3785ebc7fb83c80@o1069899.ingest.sentry.io
http://storyblender.com,,
http://mixandmeet.com,,
http://mediapops.com,,
http://www.boomi.com,,
http://www.grouply.com,,
http://corp.kaltura.com,,
http://York.com,,
http://deca.tv,,
http://www.trustedopinion.com,,
http://www.zillow.com,,
http://matchmine.com,,
http://www.tioti.com,,
http://mesmo.tv,,
http://www.LocoGopher.com,,
http://hereorthere.com,,
http://playspan.com,,
http://bestfacebookstatus.net,,
https://moz.com/,,
http://viewdle.com,,
http://www.alluc.ee/,,
http://mixx.com,,
http://3jam.com,,
http://egenerations.com,,
http://www.consortemedia.com,,
http://docsyncer.com,,
http://www.diigo.com,,
https://www.mego.com,,info@mego.com
https://www.mego.com,,info@mego.com
http://www.tripwiser.com,,
http://www.spoke.com,,
http://www.jiglu.com,,sales@jiglu.com
http://www.jiglu.com,,sales@jiglu.com
http://www.buymytronics.com,,
http://www.vidoop.com,,
http://www.recipematcher.com,,
http://www.donorschoose.org,,
http://www.donorschoose.org,,
https://corp.sertifi.com,,
https://corp.sertifi.com,,
http://www.thekraftgroup.com,,
http://www.visualdna.com,,
http://www.visualdna.com,,
http://wamba.com,,
http://www.fourint.com,,
http://www.babylon.com,,
http://rupture.com,,
https://www.mimeo.com,,
https://www.mimeo.com,,
http://www.fevote.com,,
http://www.fevote.com,,
http://www.whiskeymedia.com,,
http://www.buddystumbler.com,,
http://www.eons.com,,support@eons.com
http://www.eons.com,,support@eons.com
http://wunderloop.com,,
http://platial.com,,
http://extravigator.com,,
http://extravigator.com,,
http://www.zerofootprint.net,,email@email.com
http://www.zerofootprint.net,,email@email.com
http://picnik.com,,
https://text.com,,
https://text.com,,
http://dash.net,,
http://www.mixaloo.com,,
http://www.1800pharmacy.com,,
http://www.1800pharmacy.com,,
http://tabblo.com,,
http://polyvore.com,,
https://gyanfree.co.in,,
https://gyanfree.co.in,,
http://www.tv-links.co.uk,,
http://buddymedia.com,,
http://www.yume.com,,
http://animoto.com,,help@animoto.com
http://animoto.com,,help@animoto.com
http://www.madeit.com,,
http://planhq.com,,support@bizplantool.com
http://planhq.com,,support@bizplantool.com
http://avvo.com,,
http://www.youlicit.com,,
http://jibjab.com,,
http://ancestry.com,,
http://www.phrasebase.com,,
http://treemolabs.com,,
http://www.ooblada.net/,,//605a7baede844d278b89dc95ae0a9123@sentry-next.wixpress.com
http://www.radarnetworks.com,,
http://zimbra.com,,
http://xoom.com/,,
http://xoom.com/,,
http://www.empressr.com,,
http://www.empressr.com,,
http://lingoz.com,,
http://hitforge.com,,
http://adready.com,,
https://www.dellemc.com,,
http://blinkbox.com,,
http://www.slushpilereader.com,,
http://www.blurb.com,,
http://www.edocr.com,,
http://friendfeed.com,,
http://friendfeed.com,,
http://rayv.com/8005114998,,
http://zannel.com,,
http://www.graspr.com,,
http://www.woophy.com,,
http://veodia.com,,
http://www.davidville.com,,
http://www.agentmatch.com,,
https://www.rubiconproject.com,,
http://www.fon.com,,
http://dotspotter.com,,
http://www.myfamily.com,,
http://www.feedmorf.com,,
http://pos-me.com/,,
http://www.digitalsmiths.com,,
https://tastecooking.com,,
https://www.tumblr.com,,
https://www.tumblr.com,,
http://www.instantaction.com,,
http://www.renkoo.com,,
https://climate.com,,
https://climate.com,,
https://www.bestbuy.com/,,
http://automattic.com,,privacypolicyupdates@automattic.com
http://automattic.com,,privacypolicyupdates@automattic.com
http://seesmic.com,,
http://www.testuff.com,,
http://www.cafescribe.com,,
https://www.ringcentral.com,,
https://www.ringcentral.com,,
https://jackbe.com,,
http://gridnetworks.com,,
http://zipidee.com,,
http://www.chirp.com,,
http://www.uniteddogs.com,,
http://getsongbird.net/,,
http://www.livrapanels.com,,
http://www.pickspal.com,,
http://www.predictify.com,,
http://mochimedia.com,,
http://mochimedia.com,,
http://londonbikers.com,,
http://londonbikers.com,,
http://www.rollbase.ph,,
http://gene.com,,
http://gene.com,,
http://www.bluekiwi-software.com,,
http://marakana.com,,
http://www.gydget.com,,
http://www.aditime.com,,
http://www.yowtrip.com,,
http://www.msnbc.com/,,
http://www.msnbc.com/,,
http://CRUSH3R.com,,
https://acrobat.adobe.com/us/en/sign.html,,
http://www.skinkers.com,,
http://www.simpy.com,,
http://exelate.com,,
http://trialpay.com,,
https://www.quigo.com,,
http://www.wix.com/,,
http://echostar.com,,
http://mokosocialmedia.com,,
http://mydeo.com,,
https://www.franciscopartners.com,,
http://www.mysql.com,,
http://www.eoncapital.com/,,inquiry@eoncapital.com
http://www.eoncapital.com/,,inquiry@eoncapital.com
https://www.yoursports.com/,,
http://realius.com,,
http://realius.com,,
http://jango.com,,
http://www.all-scrap.com,,
http://www.myzenplanet.com,,
http://www.winelog.net,,
http://www.fora.tv,,
https://www.antgroup.com,,
http://www.floobs.com,,
http://www.alisoft.com,,
http://CondoDomain.com,,//a7f02603b2394db8b49f74c092a3cdca@sentry.io
http://CondoDomain.com,,//a7f02603b2394db8b49f74c092a3cdca@sentry.io
http://ecommerce.shopatron.com,,
http://plazes.com,,
http://www.crazyblinddate.com/,,
http://www.evi.com,,
http://www.bitwine.com,,
http://www.chintano.com,,
http://www.mentre.com.au/informationcity/index.html,,
http://www.ubertor.com,,clientservices@ubertor.com
http://www.ubertor.com,,clientservices@ubertor.com
http://www.gigya.com,,
http://www.gigya.com,,
http://comeks.com,,
http://www.actionthis.com,,
http://www.confabb.com,,
http://www.confabb.com,,
http://www.qloud.com,,
https://aolanswers.com,,
http://socializr.com,,
http://socializr.com,,
http://www.turn.com,,
http://www.payoneer.com,,
http://www.payoneer.com,,
http://www.payoneer.com,,
http://www.dipity.com,,
http://www.onlive.com,,
http://www.code42.com,,
http://fav.or.it,,
http://www.mdialog.com,,
http://www.mdialog.com,,
http://boo-box.com,,
https://www.oracle.com,,
https://www.oracle.com,,accessible_ww@oracle.com
https://www.oracle.com,,
https://www.oracle.com,,
https://www.oracle.com,,
https://www.oracle.com,,
http://www.streetfire.net,,
https://www.linkup.com,,
https://www.linkup.com,,
http://www.tyntec.com,,
http://www.tyntec.com,,
http://faves.com,,
http://catchthebest.com,,
http://catchthebest.com,,
http://www.repairpal.com,,
http://www.disqus.com,,
http://23andme.com,,
http://23andme.com,,
https://vimeo.com,,
https://vimeo.com,,
http://earthmine.com,,
http://www.minekey.com,,
http://www.bankingmyway.com,,
http://www.yieldex.com,,
http://www.vsocial.com,,
http://www.bitgravity.com,,shweta.vitta@adfactorspr.com
http://www.bitgravity.com,,shweta.vitta@adfactorspr.com
http://www.brightroll.com,,
http://www.cyberhomes.com,,
http://stylepath.com,,
http://www.loopt.com,,
http://americangreetings.com,,
https://world.taobao.com,,
https://world.taobao.com,,
http://transmediacorp.com,,
http://www.curbednetwork.com,,
http://hivelive.com,,
http://gnr.com,,info@verisign-grs.com
http://gnr.com,,info@verisign-grs.com
http://www.mybuys.com,,
http://www.sezwho.com,,
http://excite.com/,,
http://www.optimost.com,,
http://www.mangoapps.com,,
http://www.mangoapps.com,,
http://www.bookingangel.com,,
http://peerflix.com,,
http://www.shangby.com,,
http://www.pelago.com,,
http://www.bigcontacts.com,,
http://www.bigcontacts.com,,
http://www.brainkeeper.com,,
https://www.draftmix.com,,
http://www.evite.com,,//a8cbaefa496646c8b7b073ac8719292b@app.getsentry.com
http://www.evite.com,,//a8cbaefa496646c8b7b073ac8719292b@app.getsentry.com
https://www.makmendemedia.com,,your@email.com
https://www.makmendemedia.com,,your@email.com
http://www.wangyou.com,,
http://vitrue.com/,,
http://vitrue.com/,,
http://www.peoplejam.com/,,
http://songkick.com,,
http://songkick.com,,
http://www.doppelganger.com,,
http://www.firetide.com,,
http://www.firetide.com,,
http://www.thestreet.com,,
http://rebelmonkey.com,,
https://cadent.tv,,
http://www.casero.com,,
http://www.interwoven.com,,
http://screamingsports.com/default.aspx,,
http://onnetworks.com,,
http://defensio.com,,
http://www.placely.com,,
http://fatdoor.com,,
http://www.podaddies.com,,
http://www.zecco.com,,
https://soup.io,,
https://soup.io,,
http://us.zilok.com,,
http://www.xilliantv.com,,
http://needium.com,,
http://needium.com,,
http://www.akimbo.com/,,hello@akimbo.com
http://www.akimbo.com/,,hello@akimbo.com
https://www.viewpoint.com,,
https://www.viewpoint.com,,
http://www.tbd.com,,
http://www.tbd.com,,
http://dogtime.com,,
http://dogtime.com,,
http://www.yahoo.com,,
http://www.yahoo.com,,
http://adteractive.com,,
http://www.azukisystems.com,,
http://www.azukisystems.com,,
http://www.fleaflicker.com,,
http://www.fleaflicker.com,,
http://www.omniture.com,,
https://www.trackvia.com,,
https://www.trackvia.com,,
https://www.xconomy.com,,
https://www.xconomy.com,,richard.daverman@informa.com
https://www.xconomy.com,,
http://www.filmcrave.com,,
http://www.filmcrave.com,,
http://www.aplaceformom.com,,
http://www.aplaceformom.com,,
http://www.aplaceformom.com,,john.smith@gmail.com
http://www.aplaceformom.com,,
http://www.sendwordnow.com,,
http://www.sendwordnow.com,,
http://www.guardiananalytics.com,,
http://www.guardiananalytics.com,,
http://xpresspagroup.com/,,
http://xpresspagroup.com/,,
http://www.nep.benfranklin.org,,
http://www.nep.benfranklin.org,,
http://www.merchantcircle.com,,support@merchantcircle.com
http://www.merchantcircle.com,,
http://www.eurekster.com,,
http://www.eurekster.com,,
http://mylifebrand.com,,
http://mylifebrand.com,,
http://www.zamzar.com,,
http://www.zamzar.com,,
http://www.buyerlink.com,,
http://www.buyerlink.com,,
http://www.laszlosystems.com,,
http://www.laszlosystems.com,,
http://www.gigsocial.com,,
http://www.gigsocial.com,,
http://www.gigsocial.com,,
http://www.uship.com,,
http://www.21fund.org,,
http://zyb.com,,
http://www.awarenesshub.com,,
http://shocktreatmentmanagement.com,,
http://www.sitrion.com,,
http://g.ho.st,,
http://sleep.fm,,
http://www.somethingsimpler.com,,
http://www.dotblu.com,,
http://www.sportingo.com,,
http://snocap.com,,
http://www.pluck.com/,,
http://www.searchtophone.com,,
http://mevio.com,,
http://www.vlingo.com,,
http://www.eventvue.com,,
http://www.weebly.com,,
http://www.filmloop.com,,
http://www.amobee.com,,
http://iodalliance.com,,
http://realeditor.com,,
http://www.mdjunction.com,,
http://jooce.com,,
http://strayform.com,,
http://www.sixapart.com,,
http://www.bitpass.com,,
https://www.heliumnetwork.com,,
https://www.dropbox.com,,
http://waterfall.com,,
http://myspace.com,,
http://www.purevideonetworks.com,,
http://splashup.com,,
https://www.akamai.com,,
http://www.sezmi.com,,
http://www.vmix.com,,
http://slingmedia.com,,
http://suicidegirls.com,,
http://www.inviteshare.com,,
http://www.yellowbot.com,,
http://www.goowy.com,,
https://brightkite.com,,
http://www.jot.com,,
http://www.covestor.com,,
http://www.webligo.com/,,
http://www.anschutz-exploration.com,,
http://www.sun.com,,
http://www.sun.com,,
http://atomentertainment.com,,
http://www.docstoc.com,,
http://www.digitalchocolate.com,,worldclassnames@gmail.com
http://musicmatch.com/,,
http://www.heralduk.com,,
http://www.villij.com,,
https://www.yola.com,,
http://A9.com,,
http://www.zappos.com,,
http://www.negonation.com,,
http://kelkoo.com,,
http://dancejam.com,,
http://inner-active.com,,
http://www.kongregate.com/,,yourname@email.com
http://www.kongregate.com/,,
http://www.expressocorp.com,,
http://www.doostang.com,,
http://bountii.com,,
http://mercora.com,,
http://www.gbox.com/,,
http://elgg.com,,
http://www.anywhere.fm,,
http://www.outcomecapital.com,,
http://www.j-squaredmedia.com,,
http://www.theport.com,,
http://www.yoomba.com,,
http://www.sampa.com,,
http://www.nielsen-netratings.com,,
http://www.partnerup.com,,
http://slapvid.com,,
http://www.spartasocialnetworks.com,,
http://corp.burnlounge.com,,
http://www.filtrbox.com/,,
http://www.eventbee.com,,
http://www.eventbee.com,,
http://www.bluelithium.com,,
https://www.nielsen.com,,
http://heavy.com,,
https://www.contextweb.com/,,
http://www.meetup.com,,
http://www.timebridge.com,,
http://www.thefilter.com,,
http://cinemanow.com,,
https://techcrunch.com,,
https://techcrunch.com,,
http://zango.com,,
http://www.orb.com,,
http://kiva.org,,
http://shop.com,,
http://www.weatherbug.com,,
https://www.lendingclub.com,,
http://mobitv.com,,
http://mobitv.com,,
http://www.scripps.com,,
https://lmgroup.lastminute.com,,
http://www.classmates.com,,
http://www.telligent.com,,
http://www.telligent.com,,
http://www.yeigo.com,,
https://www.multiply.com,,
https://www.eharmony.com,,
https://www.eharmony.com,,
http://www.dpreview.com,,
http://hitwise.com,,
https://www.tribalfusion.com/TribalFusion/,,
https://www.advertising.com/,,
http://www.friendster.com,,
http://www.friendster.com,,
https://youbeqb.com,,
http://www.affinity.com,,letstalk@affinity.com
http://www.affinity.com,,
http://www.burstmedia.com,,
http://fathomonline.com,,
http://www.globalgrind.com,,
http://www.globalgrind.com,,
http://modemmedia.com,,
https://www.orbitz.com,,
http://www.jimdo.com,,
http://www.jimdo.com,,
http://www.casalemedia.com,,
http://www.gochongo.com,,
http://www.limelife.com,,
http://www.zopa.com,,
https://www.att.com/,,
http://www.webcrossing.com,,
http://jumptv.com,,
http://jumptv.com,,
http://www.webscribble.com,,
http://www.webscribble.com,,
http://www.nextag.com,,
http://www.signalpatterns.com,,
http://trulia.com,,
http://www.bittorrent.com,,
http://www.bittorrent.com,,
http://www.spiralfrog.com,,
http://www.thirdscreenmedia.com/,,
http://www.ramped.com,,domains@solariomedia.com
http://www.sportsline.com/,,
http://www.davenw.com,,
http://www.davenw.com,,
http://vtap.com,,
http://www.rooftopmedia.net,,
http://www.yp.com,,
http://zivity.com,,
http://zivity.com,,
http://www.frazr.com,,
https://www.ibm.com/,,
https://www.ibm.com/,,
https://www.ibm.com/,,
http://www.euniverse.com/,,
http://www.y2m.com,,
https://www.alibabagroup.com/,,
https://www.alibabagroup.com/,,
http://www.minglebox.com,,
http://nellymoser.com,,
https://www.tungle.me,,
http://www.quattrowireless.com,,
http://info.com,,
http://info.com,,
http://www.mixercast.com,,
http://www.klinehawkes.com,,
http://www.thumbplay.com,,
http://www.friendsreunited.co.uk,,
http://communityconnect.com,,
http://www.blogsigs.com,,
http://www.itiva.com,,
http://clicktosee.com,,
http://www.tripovation.com,,
http://www.untd.com,,
http://opentable.com,,
https://servixer.com/,,
http://tickle.com,,
http://emusic.com,,
http://www.deliveryagent.com,,
http://www.videojug.com,,
http://www.guba.com,,
http://www.datranmedia.com,,
http://www.PunchStock.com,,
http://www.itvplc.com/,,
http://bbe.com,,
http://www.miva.com,,
http://www.networksolutions.com,,
http://www.buzzmetrics.com,,info@buzzmetrics.com
http://www.buzzmetrics.com,,info@buzzmetrics.com
http://www.lanyon.com/,,privacy@cvent.com
http://www.lanyon.com/,,privacy@cvent.com
http://webshots.com,,
http://webshots.com,,
http://videohybrid.com,,
http://www.fotolog.com,,
http://www.shopzilla.com/,,
http://www.shopzilla.com/,,
http://www.technologyguide.com,,
http://www.technologyguide.com,,
https://tizra.com,,info@tizra.com
https://tizra.com,,info@tizra.com
http://www.daylife.com,,
http://greystripe.com,,
http://sconex.com,,
http://glimpse.com,,
http://www.microplace.com,,
http://www.locamoda.com,,
http://www.snaptell.com,,
http://www.myofferpal.com,,
http://brightspot.tv,,
http://www.crowdspirit.com,,
https://www.vivendi.com/,,
https://www.vivendi.com/,,
https://www.v2.ventures,,
https://www.v2.ventures,,
http://www.spiceworks.com,,
http://www.myndnet.com,,
http://omgpop.com,,
http://gtxcorp.com/,,
http://www.mocospace.com,,
http://www.mocospace.com,,
http://www.mocospace.com,,
http://www.care.com,,
http://contrastream.com,,
http://wwwstg.xora.com,,
http://www.behance.net,,
http://www.openlist.com,,
http://finetune.com,,
http://art.com,,
http://art.com,,
http://espotting.com,,
http://espotting.com,,
http://www.mtraks.com,,
http://company.swatchbox.com,,
http://www.mylife.com,,
https://www.yadio.com/,,
http://storyofmylife.com,,
https://advertising.adobe.com,,
https://advertising.adobe.com,,
http://www.wonga.com,,
http://tacoda.com,,
http://ivillage.com,,
http://corp.ign.com,,
http://corp.ign.com,,
http://www.mediamind.com,,
http://www.crunchyroll.com,,
http://www.digitaslbi.com,,communications@digitas.com
http://www.digitaslbi.com,,communications@digitas.com
http://www.seedcamp.com,,
http://www.xfire.com,,//www.tiktok.com/@xfire.com
http://www.xfire.com,,
http://parlano.com,,
http://www.crowdstorm.com,,
http://www.crowdstorm.com,,
http://ourstory.com,,
http://ourstory.com,,
http://jobpilot.com,,
https://www.waywireglobal.com,,
http://www.circlelending.com,,
http://www.teachthepeople.com,,
http://shopping.com,,
http://www.yapme.com,,
http://www.saynow.com,,press@google.com
http://www.saynow.com,,press@google.com
http://www.4info.com,,
http://www.incisivemedia.com,,
http://www.yugma.com,,
http://www.yugma.com,,
http://www.gotstat.us,,
http://pixsense.com,,
http://www.collagr.com,,
http://www.trutap.com,,
http://www.woome.com,,
http://www.aviary.com,,
http://www.mesadynamics.com,,
http://www.mesadynamics.com,,
http://ijigg.com,,
http://www.viewpoints.com,,
http://www.dMarc.net,,
https://www.rotohog.com,,
http://rentpath.com,,accessibilityfeedback@rent.com
http://rentpath.com,,accessibilityfeedback@rent.com
http://veotag.com,,contactveotag@gmail.com
http://veotag.com,,contactveotag@gmail.com
http://www.believe.com,,
http://www.splashcast.net,,
http://www.wefi.com,,
http://www.wefi.com,,
http://www.tumri.com,,
http://www.UpDown.com,,
http://www.voicesell.com,,
http://www.marchex.com,,
http://www.marchex.com,,
http://www.zocdoc.com,,
http://www.twango.com,,
http://www.greenborder.com,,
http://www.greenborder.com,,
http://clickz.com,,
http://www.yourstreet.com,,
http://www.contactoffice.com,,
http://www.contactoffice.com,,
http://auctomatic.com,,
http://www.scpworldwide.net,,
http://alawar.com,,
http://alawar.com,,
http://www.xtr3d.com,,
http://app2you.com,,
http://www.fsci.com,,
http://www.snoothmedia.com,,
http://www.oneriot.com,,
http://www.orgoo.com,,
https://www.rampecdn.com/,,
http://mayasmom.com,,
http://socialmedia.com,,
http://www.myheritage.com,,
http://www.myheritage.com,,
http://www.prepme.com,,
http://www.trivop.com,,
http://bix.com,,
http://bix.com,,
http://bix.com,,
http://bix.com,,
http://bix.com,,
http://www.techtarget.com,,
http://www.techtarget.com,,
http://www.techtarget.com,,
http://www.techtarget.com,,
https://www.hulu.com,,
https://www.hulu.com,,
http://dopplr.com,,
http://pricegrabber.com,,
http://pricegrabber.com,,
http://chesspark.com,,
http://www.google.com/admob,,
http://www.google.com/admob,,
http://www.danalinc.com,,
http://www.danalinc.com,,
http://pumpaudio.com,,
http://www.musestorm.com,,
http://www.channeladvisor.com,,
http://www.channeladvisor.com,,
http://www.ruckusnetwork.com,,
https://www.ripl.com,,/2062d0a4929b45348643784b5cb39c36@sentry.wixpress.com
https://www.ripl.com,,
http://www.healthcare.com,,
http://www.cakefinancial.com,,
http://www.5minmedia.com,,
http://www.flowplay.com,,user@domain.com
http://www.flowplay.com,,support@flowplay.com
http://www.peekyou.com,,
http://www.peekyou.com,,
http://www.jivesoftware.com,,
http://www.nokia.com,,
http://www.ceedo.com,,
http://www.ceedo.com,,
http://www.ceedo.com,,
http://www.ceedo.com,,
http://www.clickable.com,,
http://www.placeblogger.com,,
https://elronventures.com,,
https://elronventures.com,,
https://www.axiocode.com/,,
https://www.axiocode.com/,,
http://www.pegasusnews.com,,
http://www.pegasusnews.com,,
http://marketing.rakuten.com/,,
http://marketing.rakuten.com/,,
http://www.ratepoint.com,,
http://www.ratepoint.com,,
http://kaboose.com,,
https://www.leafgroup.com,,pr@worldofgoodbrands.com
https://www.leafgroup.com,,pr@worldofgoodbrands.com
http://www.befunky.com,,//b2869f1592ed45e586418602b8f9fd0a@sentry.io
http://www.befunky.com,,
http://www.m-qube.com/,,
http://www.jamdatmobile.com/,,
http://global.rakuten.com,,
http://widerthan.com,,
https://www.cubictelecom.com/,,
https://www.cubictelecom.com/,,
http://globalmotion.com,,
http://globalmotion.com,,
http://www.in2apps.com,,desarrollo@in2apps.com
http://snoozester.com,,
http://snoozester.com,,
http://www.standoutjobs.com,,095ab97f02b34d54886e285685ac53e8@o1108156.ingest.sentry.io
http://www.standoutjobs.com,,095ab97f02b34d54886e285685ac53e8@o1108156.ingest.sentry.io
http://webclients.net,,sales@webclients.net
http://webclients.net,,sales@webclients.net
http://www.tripit.com,,plans@tripit.com
http://www.tripit.com,,plans@tripit.com
http://musicshake.com,,
http://musicshake.com,,
http://www.balihoo.com,,
http://www.balihoo.com,,
http://www.valueclickmedia.com,,
http://cartoondollemporium.com,,
http://cartoondollemporium.com,,
http://www.8020media.com,,
http://www.cybird.co.jp/en/,,
http://www.cybird.co.jp/en/,,
http://www.kerpoof.com,,
http://www.kerpoof.com,,
http://airg.com,,
http://airg.com,,
http://airg.com,,
http://airg.com,,
http://airg.com,,
http://airg.com,,
http://www.jupitermedia.com,,
http://www.genwi.com,,
http://www.genwi.com,,
http://www.genwi.com,,
http://vive.me,,
http://vive.me,,
http://www.ea.com,,
http://www.ea.com,,
http://www.ea.com,,
http://www.reachlocal.com,,
http://www.reachlocal.com,,
http://www.reachlocal.com,,
http://www.reachlocal.com,,
http://www.reachlocal.com,,
http://www.reachlocal.com,,
http://fastclick.com,,
https://www.tradera.com,,
https://www.tradera.com,,
https://www.tradera.com,,
https://www.tradera.com,,
https://www.tradera.com,,
https://www.tradera.com,,
http://www.pubmatic.com,,
http://www.pubmatic.com,,pune-info@pubmatic.com
http://www.pubmatic.com,,
http://www.realnetworks.com,,
http://www.realnetworks.com,,
http://www.verisign.com,,
http://www.verisign.com,,
http://www.faroo.com,,info@seekstorm.com
http://www.faroo.com,,
http://www.faroo.com,,
http://babycenter.com,,u003ecommunity@babycenter.com
http://babycenter.com,,u003ecommunity@babycenter.com
http://babycenter.com,,u003ecommunity@babycenter.com
http://babycenter.com,,u003ecommunity@babycenter.com
http://wis.dm,,
http://joost.com,,
http://www.lala.com,,
http://www.meetmoi.com,,
http://www.revision3.com,,
http://gizmo5.com,,
http://www.fring.com,,
http://www.aggregateknowledge.com,,
http://www.pownce.com/,,
http://www.addthis.com,,
http://www.tapuz.co.il,,
http://powerset.com,,
http://www.skype.com,,
http://www.flektor.com,,
http://www.prosper.com,,
https://www.warnermedia.com/,,
http://www.gannett.com,,
http://thoof.com,,
http://zing.net,,
http://gizmoz.com,,
http://mahalo.com,,
https://www.fox.com/,,
https://www.fox.com/,,
https://www.paramount.com/brand/cbs-entertainment,,
https://www.paramount.com/brand/cbs-entertainment,,
http://meevee.com,,
https://twitter.com/home?lang=en,,
http://www.cisco.com,,
http://www.cisco.com,,
http://www.wetpaint.com/,,
http://www.sellaband.com,,
https://video.ibm.com,,
http://www.hearst.com,,
http://www.tribunemedia.com/,,
http://sodahead.com,,
http://www.slacker.com,,
https://livestream.com/,,
http://www.justin.tv,,
http://jinglenetworks.com,,
http://zlio.com,,
http://allofmp3.com,,
http://surphace.com,,
https://www.meta.com,,
http://topix.com,,
https://www.paramount.com,,
https://www.paramount.com,,
http://babelgum.com,,
http://wesabe.com,,
http://wize.com,,
https://strands.com,,
http://hotornot.com,,
http://www.hutchison-whampoa.com/,,
http://jajah.com,,
https://www.fortunebusinessinsights.com/,,
http://iskoot.com,,
https://www.openx.com/,,
http://www.blogtv.com,,
http://www.criticalmetrics.com,,
http://www.spock.com,,
http://www.ikan.net,,
http://ebay.com,,
http://technorati.com,,
http://www.corp.mode.com,,
http://www.rockyou.com,,
http://www.thefind.com,,
http://www.slide.com,,
http://postini.com,,
http://postini.com,,
http://www.jaiku.com,,
http://www.leggmason.com,,
http://www.metaweb.com,,
http://www.outfittershaven.com,,
http://www.feedburner.com,,
http://www.yapta.com,,
https://www.nbcuniversal.com/,,
https://www.nbcuniversal.com/,,
http://grandcentral.com,,
http://icontact.com,,
https://www.youtube.com/,,
https://www.youtube.com/,,
http://zenzui.com,,
https://www.goldmansachs.com,,
https://www.goldmansachs.com,,
http://www.ckh.com.hk/,,
http://www.ckh.com.hk/,,info@ckh.com.hk
http://www.broadbandmechanics.com,,
http://www.blinkx.com,,info@blinkx.com
http://www.blinkx.com,,info@blinkx.com
http://Tun3r.com,,
http://adbrite.com,,
http://www.TVtrip.com,,
http://coghead.com,,
http://www.tripup.com,,
https://www.lksf.org,,
https://www.lksf.org,,
http://converdge.com,,
http://www.meebo.com,,
http://www.meebo.com,,
http://www.lifelock.com,,
http://www.lifelock.com,,
http://funnyordie.com,,
http://funnyordie.com,,
http://hautesecure.com,,manager@beget.com
http://hautesecure.com,,
https://www.jamendo.com,,
http://sparter.com,,
http://sparter.com,,
http://www.digg.com,,
http://www.digg.com,,
http://www.popsugar.com,,
http://www.popsugar.com,,
http://kyte.de.tl/,,
http://kyte.de.tl/,,
https://www.netvibes.com/en,,
https://www.netvibes.com/en,,
https://www.ticketmaster.com,,
http://www.eventbrite.com,,
https://www.zazzle.com/,,
http://www.omnidrive.com,,support@omnidrive.com
http://www.omnidrive.com,,support@omnidrive.com
https://www.flightstostockholm.co.uk,,
http://www.scribd.com,,
http://www.scribd.com,,
http://www.atomico.com,,
http://www.atomico.com,,
http://www.stumbleupon.com/,,
http://www.stumbleupon.com/,,
http://www.jobster.co.uk,,hello@jobster.co.uk
http://www.jobster.co.uk,,hello@jobster.co.uk
http://www.healthline.com/,,//8bc674d734914b3f8179f84e9edb0faa@o62581.ingest.sentry.io
http://www.helio.com,,sales@brandforce.com
http://www.helio.com,,sales@brandforce.com
http://www.terabitz.com,,
http://www.ilike.com/,,
http://www.plaxo.com/,,
http://www.swivel.com,,
http://steorn.com,,
http://steorn.com,,
http://www.farecast.com/,,
http://www.crowdvine.com,,
https://www.pandora.com/,,
http://www.geni.com,,
http://www.geni.com,,
http://www.lifeshield.com,,
http://www.dailymotion.com,,
http://www.zvents.com,,
http://www.go2web20.net,,
http://us.cyworld.com,,
http://www.cerado.com,,
http://simplyhired.com,,
https://www.upwork.com/,,
http://www.indeed.com,,
http://www.pbworks.com,,sales@pbworks.com
http://www.pbworks.com,,sales@pbworks.com
http://vast.com,,
http://www.goingon.com,,
https://www.audacy.com/eventful,,
http://www.moo.com,,support@moo.com
http://www.moo.com,,support@moo.com
http://www.instructables.com,,
http://www.instructables.com,,
http://www.squid-labs.com,,
http://www.squid-labs.com,,
http://www.oodle.com,,
http://www.box.com,,
http://www.box.com,,
http://www.scrippsnetworksinteractive.com/,,
https://www.zoho.com,,
https://www.zoho.com,,
https://www.zoho.com,,
https://www.zoho.com,,
http://www.redfin.com,,techsupport@redfin.com
http://gigaom.com,,
http://www.maveron.com,,maveron@maveron.com
http://www.maveron.com,,maveron@maveron.com
https://www.netsuite.com/portal/home.shtml,,
https://www.peaksteelbuildings.com/,,
https://www.peaksteelbuildings.com/,,
https://seekingalpha.com,,subscriptions@seekingalpha.com
https://seekingalpha.com,,subscriptions@seekingalpha.com
http://www.curseinc.com,,
http://Peerme.com,,
http://revlayer.com,,
http://www.powerreviews.com,,
http://www.parakey.com,,
https://www.themeetgroup.com,,
http://www.wikiyou.com,,
http://www.pageflakes.com,,
http://www.pageflakes.com,,
http://www.cuts.com,,
http://amiestreet.com,,api-services-support@amazon.com
http://amiestreet.com,,
http://www.eqo.com,,
http://www.eqo.com,,
http://www.eqo.com,,
https://alleninvestments.com,,
http://www.cafepress.com,,
http://www.cafepress.com,,
https://www.linkedin.com/,,
https://www.linkedin.com/,,
http://www.licketyship.com,,
https://actionengine.com/,,
http://www.triphub.com,,
http://www.triphub.com,,
http://zooomr.com,,
http://zooomr.com,,
http://jaman.com,,
http://www.kickapps.com,,hello@kickapps.com
http://www.kickapps.com,,hello@kickapps.com
http://www.recipezaar.com,,
http://dogster.com,,
http://dogster.com,,
http://grockit.com,,
http://www.realtimematrix.com,,
http://gotuit.com,,
http://www.motiondsp.com,,
http://www.ebuddy.com,,
https://www.kayak.co.in,,trips@kayak.co.in
https://www.kayak.co.in,,trips@kayak.co.in
http://Velvetpuffin.com,,
http://www.piczo.com,,
http://www.flickr.com,,802d7a4fd3f743ec907da8badf47bec3@o1378064.ingest.sentry.io
http://www.flickr.com,,
http://www.flickr.com,,
http://ujogo.com,,
http://www.kiptronic.com,,
http://www.edgeio.com,,
http://www.going.com,,
http://hi5.com,,
http://www.groupsite.com,,support@groupsite.com
http://www.groupsite.com,,support@groupsite.com
http://www.cocomment.com,,
http://VisiblePath.com,,
http://www.barablu.com,,
http://www.lindenlab.com,,
http://www.lindenlab.com,,
http://www.socialtext.com,,
http://www.spotrunner.com,,//605a7baede844d278b89dc95ae0a9123@sentry-next.wixpress.com
http://www.kaboodle.com,,support@example.org
http://www.kaboodle.com,,
http://last.fm,,
http://last.fm,,
http://www.jumpbox.com,,
http://www.saymedia.com/,,media@thearenagroup.net
http://www.saymedia.com/,,media@thearenagroup.net
http://www.tangler.com,,
http://www.billmonk.com,,
https://www.crackle.com,,
https://zenfolio.com/,,
http://www.qualcomm.com,,
http://www.flixster.com,,
http://www.flixster.com,,
http://www.kushcash.com,,
http://www.hotelicopter.com,,
http://www.hotelicopter.com,,
http://www.carbonite.com/,,
http://www.carbonite.com/,,
http://www.respectance.com,,
http://www.respectance.com,,
http://www.droplet-tech.com,,
http://relationals.com,,
http://www.dialdirections.com,,
http://www.dialdirections.com,,
http://www.streamzoo.com,,
http://clubpenguin.com,,
http://www.connectmeanywhere.com,,
http://www.connectmeanywhere.com,,
http://longjump.com,,
https://thewaltdisneycompany.com/,,
http://www.3i.com,,
http://www.3i.com,,
http://obopay.com,,
http://www.sktelecom.com,,
http://www.sktelecom.com,,
https://alltop.com/,,
http://www.wishpot.com,,
http://retrevo.com,,
http://Wink.com,,
http://Wink.com,,
http://www.citizenbay.com,,
http://www.hotswap.com,,
https://group.softbank/,,
https://group.softbank/,,
http://permissiontv.com,,service@gammawave.com
http://www.collegewikis.com,,
https://brownbag.in/,,
https://www.king.com/,,ip-notice@king.com
http://www.garage.com,,jason@magellanequities.com
http://www.garage.com,,jason@magellanequities.com
http://www.insiderpages.com,,
http://www.webbalert.com,,
https://www.paypal.com/home,,
https://www.brightcove.com,,
http://www.allpeers.com/,,
http://www.allpeers.com/,,
https://www.vudu.com,,
http://outside.in,,
https://www.ning.com,,
https://www.ning.com,,
https://www.ning.com,,support@ning.com
https://www.ning.com,,
http://www.alliancebernstein.com,,
http://www.keephighwayssafe.org,,
http://techmeme.com,,ahman@androiddev.social
http://techmeme.com,,
http://wallhogs.com,,cs@wallhogs.com
http://wallhogs.com,,cs@wallhogs.com
http://www.associatedcontent.com,,
http://rocketboom.com,,
http://www.meemix.biz,,
http://truemors.com,,
http://www.gecommercialfinance.com,,
http://knockatv.com,,
http://millsberry.com,,
https://www.payscale.com,,
https://www.payscale.com,,
http://www.jaxtr.com,,
http://www.jaxtr.com,,
http://www.jaxtr.com,,
https://www.fandom.com,,
https://www.fandom.com,,
http://www.citysearch.com,,
http://www.citysearch.com,,
http://www.sony.net,,
http://www.sony.net,,
https://genius.com/,,inquiry@genius.com
https://genius.com/,,inquiry@genius.com
https://genius.com/,,inquiry@genius.com
http://www.madkast.com,,
https://secure.imvu.com,,
http://www.leveragesoftware.com,,
http://www.webkinz.com,,
http://www.affinitycircles.com,,
http://www.lotame.com,,
http://www.outdoorzy.com,,
http://www.neopets.com,,
http://www.userplane.com,,
http://www.adobe.com,,
https://www.gamingwonderland.com/,,
https://www.nirvanix.com,,
http://yelp.com,,
http://yelp.com,,
http://www.talkplus.com,,
http://www.rebtel.com,,//8ded451f159a41cdaa57a9671e12b43e@sentry.io
http://www.rebtel.com,,//8ded451f159a41cdaa57a9671e12b43e@sentry.io
http://nationalbanana.com,,
http://nationalbanana.com,,
https://www.societegenerale.com,,
https://www.societegenerale.com,,
http://www.condenast.com,,
http://www.condenast.com,,
https://www.buddytv.com,,
https://www.buddytv.com,,
http://www.hireahelper.com/,,
http://dabbledb.com,,
http://Podtech.net,,
http://Podtech.net,,
https://www.lively.com/,,
http://www.bazaarvoice.com,,
http://www.bazaarvoice.com,,
http://www.bazaarvoice.com,,
http://www.kwiqq.com,,
http://omnifuse.com,,
http://vuze.com,,
http://vuze.com,,
https://www.prospero.com,,
http://www.jfshea.com,,
https://www.redditinc.com,,
https://www.redditinc.com,,
http://www.generalmills.com,,
http://www.textpayme.com,,
http://www.liveworld.com,,
http://www.viagogo.com,,
http://www.buxfer.com,,
http://www.buxfer.com,,
http://domedia.com,,
http://domedia.com,,
http://wallstrip.com,,
http://wallstrip.com,,
http://www.there.com,,
https://edg.io,,support@edg.io
https://edg.io,,support@edg.io
https://edg.io,,support@edg.io
http://www.alstrasoft.com,,
http://pickle.com,,
https://www.gaiaonline.com/,,
http://www.dzoic.com,,
https://www.bemotioninc.com/,,
http://www.lithium.com,,
http://clipmarks.com,,
http://www.ingagenetworks.com,,
http://www.canarc.yooco.org,,
http://www.canarc.yooco.org,,
http://www.canarc.yooco.org,,
http://www.canarc.yooco.org,,
http://www.canarc.yooco.org,,
http://www.canarc.yooco.org,,
http://www.aol.com,,
http://www.aol.com,,
http://www.golightly.com,,
http://revver.com,,
http://aniboom.com,,
http://www.forbes.com,,
http://www.diettv.com,,
http://www.metacafe.com/,,
http://www.nimbuzz.com,,
http://www.nimbuzz.com,,
http://www.nimbuzz.com,,
https://newscorp.com,,
https://newscorp.com,,
http://kaneva.com,,
http://kaneva.com,,
http://www.mobilekids.net,,
http://www.mobilekids.net,,
http://sulake.com,,
http://sulake.com,,
http://www.selectminds.com,,
http://www.selectminds.com,,
http://www.intronetworks.com,,
http://www.intronetworks.com,,
https://www.spreadgroup.com/,,jobs@spreadgroup.com
https://www.spreadgroup.com/,,jobs@spreadgroup.com
https://www.spreadgroup.com/,,jobs@spreadgroup.com
https://www.spreadgroup.com/,,jobs@spreadgroup.com
https://www.spreadgroup.com/,,jobs@spreadgroup.com
https://www.spreadgroup.com/,,
http://www.chacha.com,,
https://www.citigroup.com,,
https://www.citigroup.com,,
http://www.meetro.com,,
http://www.meetro.com,,
http://www.meetro.com,,
http://www.activeworlds.com,,
http://www.activeworlds.com,,
https://flock.com,,sales@flock.com
https://flock.com,,sales@flock.com
http://redlightcenter.com,,
http://redlightcenter.com,,
http://www.boonex.com,,
http://www.boonex.com,,
http://intensedebate.com,,
http://intensedebate.com,,
http://www.mytoons.com,,
http://www.mytoons.com,,
http://www.hp.com,,
http://www.hp.com,,
http://www.echostudio.co,,info@echostudio.co
http://www.echostudio.co,,info@echostudio.co
http://www.faketown.com,,
http://www.faketown.com,,
http://www.faketown.com,,
http://snapfish.com,,
http://snapfish.com,,
http://fuzzwich.com,,
http://fuzzwich.com,,
http://www.barbie.com,,charitysales@mattel.com
http://www.barbie.com,,charitysales@mattel.com
http://www.mattel.com,,devin.tucker@mattel.com
http://www.mattel.com,,charitysales@mattel.com
http://www.mattel.com,,devin.tucker@mattel.com
http://dubitlimited.com,,hello@dubit.io
http://dubitlimited.com,,hello@dubit.io
http://www.veoh.com,,
http://www.mindtouch.com,,
http://www.mindtouch.com,,
http://www.sharetronix.com,,
http://www.sharetronix.com,,
http://www.socialplatform.com,,
http://smallworldlabs.com,,
http://smallworldlabs.com,,
http://judysbook.com,,
http://judysbook.com,,
http://judysbook.com,,
http://judysbook.com,,
http://judysbook.com,,
